word,bound,flag,label,radical,pinyin
会,B,n,O,人,huì
议,M,n,O,讠,yì
纪,M,n,O,纟,jì
要,E,n,O,覀,yào
LB,S,x,O,UNK,UNK
涛,S,nr,O,氵,tāo
),S,x,O,UNK,UNK
;,S,x,O,UNK,UNK
NUM,B,m,O,UNK,UNK
NUM,M,m,O,UNK,UNK
NUM,M,m,O,UNK,UNK
NUM,M,m,O,UNK,UNK
NUM,M,m,O,UNK,UNK
NUM,E,m,O,UNK,UNK
SPACE,S,x,O,UNK,UNK
北,B,ns,O,匕,běi
京,E,ns,O,亠,jīng
",",S,x,O,UNK,UNK
sep,sep,sep,sep,sep,sep
协,B,nt,O,十,xié
和,M,nt,O,口,hé
医,M,nt,O,匚,yī
院,E,nt,O,阝,yuàn
内,B,n,O,冂,nèi
分,M,n,O,刀,fēn
泌,M,n,O,氵,mì
科,E,n,O,禾,kē
(,S,x,O,UNK,UNK
伍,B,nr,O,亻,wǔ
学,M,nr,O,子,xué
焱,E,nr,O,火,yàn
),S,x,O,UNK,UNK
;,S,x,O,UNK,UNK
sep,sep,sep,sep,sep,sep
NUM,B,m,O,UNK,UNK
NUM,M,m,O,UNK,UNK
NUM,M,m,O,UNK,UNK
NUM,M,m,O,UNK,UNK
NUM,M,m,O,UNK,UNK
NUM,E,m,O,UNK,UNK
SPACE,S,x,O,UNK,UNK
郑,B,nt,O,阝,zhèng
州,M,nt,O,川,zhōu
大,M,nt,O,大,dà
学,E,nt,O,子,xué
第,B,m,O,竹,dì
一,E,m,O,一,yī
LB,S,x,O,UNK,UNK
附,B,b,O,阝,fù
属,E,b,O,尸,shǔ
医,B,n,O,匚,yī
院,E,n,O,阝,yuàn
内,B,n,O,冂,nèi
分,M,n,O,刀,fēn
泌,M,n,O,氵,mì
科,E,n,O,禾,kē
(,S,x,O,UNK,UNK
秦,B,nr,O,禾,qín
贵,M,nr,O,贝,guì
军,E,nr,O,冖,jūn
),S,x,O,UNK,UNK
;,S,x,O,UNK,UNK
sep,sep,sep,sep,sep,sep
NUM,B,m,O,UNK,UNK
NUM,M,m,O,UNK,UNK
NUM,M,m,O,UNK,UNK
NUM,M,m,O,UNK,UNK
NUM,M,m,O,UNK,UNK
NUM,E,m,O,UNK,UNK
SPACE,S,x,O,UNK,UNK
武,B,ns,O,止,wǔ
汉,E,ns,O,氵,hàn
",",S,x,O,UNK,UNK
广,B,nt,O,广,guǎng
州,M,nt,O,川,zhōu
军,M,nt,O,冖,jūn
区,E,nt,O,匚,qū
武,B,ns,O,止,wǔ
汉,E,ns,O,氵,hàn
总,B,n,O,心,zǒng
院,E,n,O,阝,yuàn
内,B,n,O,冂,nèi
分,M,n,O,刀,fēn
泌,E,n,O,氵,mì
LB,S,x,O,UNK,UNK
科,S,n,O,禾,kē
(,S,x,O,UNK,UNK
向,S,p,O,口,xiàng
光,B,j,O,儿,guāng
大,E,j,O,大,dà
),S,x,O,UNK,UNK
LB,S,x,O,UNK,UNK
全,B,n,O,入,quán
国,E,n,O,囗,guó
会,B,n,O,人,huì
议,M,n,O,讠,yì
纪,M,n,O,纟,jì
要,E,n,O,覀,yào
LB,S,x,O,UNK,UNK
王,S,nr,O,王,wáng
先,B,n,O,儿,xiān
令,E,n,O,人,líng
SPACE,S,x,O,UNK,UNK
SPACE,S,x,O,UNK,UNK
窦,B,nr,O,穴,dòu
京,M,nr,O,亠,jīng
涛,E,nr,O,氵,tāo
SPACE,S,x,O,UNK,UNK
SPACE,S,x,O,UNK,UNK
秦,B,nr,O,禾,qín
贵,M,nr,O,贝,guì
军,E,nr,O,冖,jūn
SPACE,S,x,O,UNK,UNK
SPACE,S,x,O,UNK,UNK
伍,B,nr,O,亻,wǔ
学,M,nr,O,子,xué
焱,E,nr,O,火,yàn
SPACE,S,x,O,UNK,UNK
SPACE,S,x,O,UNK,UNK
向,S,p,O,口,xiàng
光,B,j,O,儿,guāng
大,E,j,O,大,dà
LB,S,x,O,UNK,UNK
初,B,t,O,刀,chū
冬,E,t,O,夂,dōng
时,B,n,O,日,shí
节,E,n,O,艹,jié
的,S,uj,O,白,dí
杭,B,ns,O,木,háng
州,E,ns,O,川,zhōu
",",S,x,O,UNK,UNK
sep,sep,sep,sep,sep,sep
依,B,d,O,亻,yī
然,E,d,O,灬,rán
暖,B,n,O,日,nuǎn
意,E,n,O,心,yì
融,B,n,O,虫,róng
融,E,n,O,虫,róng
。,S,x,O,UNK,UNK
sep,sep,sep,sep,sep,sep
SPACE,S,x,O,UNK,UNK
NUM,B,m,O,UNK,UNK
NUM,M,m,O,UNK,UNK
NUM,M,m,O,UNK,UNK
NUM,E,m,O,UNK,UNK
SPACE,S,x,O,UNK,UNK
年,S,m,O,干,nián
SPACE,S,x,O,UNK,UNK
NUM,B,m,O,UNK,UNK
NUM,E,m,O,UNK,UNK
SPACE,S,x,O,UNK,UNK
月,S,m,O,月,yuè
LB,S,x,O,UNK,UNK
NUM,B,m,O,UNK,UNK
NUM,E,m,O,UNK,UNK
SPACE,S,x,O,UNK,UNK
日,S,m,O,日,rì
至,S,p,O,至,zhì
SPACE,S,x,O,UNK,UNK
NUM,B,m,O,UNK,UNK
NUM,E,m,O,UNK,UNK
SPACE,S,x,O,UNK,UNK
日,S,m,O,日,rì
",",S,x,O,UNK,UNK
sep,sep,sep,sep,sep,sep
中,B,nz,O,丨,zhōng
华,E,nz,O,十,huá
内,B,n,O,冂,nèi
分,M,n,O,刀,fēn
泌,M,n,O,氵,mì
学,E,n,O,子,xué
分,B,n,O,刀,fēn
会,E,n,O,人,huì
性,B,n,O,忄,xìng
腺,E,n,O,月,xiàn
学,B,n,O,子,xué
组,E,n,O,纟,zǔ
第,B,m,O,竹,dì
三,M,m,O,一,sān
届,E,m,O,尸,jiè
糖,S,zg,B-Disease,米,táng
LB,S,x,I-Disease,UNK,UNK
尿,B,n,I-Disease,尸,niào
病,E,n,I-Disease,疒,bìng
及,S,c,O,又,jí
性,B,n,B-Disease,忄,xìng
腺,E,n,I-Disease,月,xiàn
疾,B,n,I-Disease,疒,jí
病,E,n,I-Disease,疒,bìng
学,B,n,O,子,xué
术,M,n,O,木,shù
会,M,n,O,人,huì
议,E,n,O,讠,yì
在,S,p,O,土,zài
美,B,ns,O,八,měi
丽,E,ns,O,一,lì
的,S,uj,O,白,dí
西,B,ns,O,覀,xī
子,M,ns,O,子,zǐ
湖,M,ns,O,氵,hú
畔,E,ns,O,田,pàn
隆,B,a,O,阝,lóng
重,E,a,O,里,zhòng
举,S,v,O,丶,jǔ
LB,S,x,O,UNK,UNK
行,S,zg,O,行,háng
。,S,x,O,UNK,UNK
sep,sep,sep,sep,sep,sep
SPACE,S,x,O,UNK,UNK
来,B,v,O,木,lái
自,E,v,O,自,zì
全,B,n,O,入,quán
国,E,n,O,囗,guó
各,B,r,O,口,gè
地,E,r,O,土,dì
SPACE,S,x,O,UNK,UNK
NUM,B,m,O,UNK,UNK
NUM,M,m,O,UNK,UNK
NUM,E,m,O,UNK,UNK
SPACE,S,x,O,UNK,UNK
余,B,m,O,人,yú
名,E,m,O,口,míng
老,B,nr,O,耂,lǎo
中,M,nr,O,丨,zhōng
青,E,nr,O,青,qīng
代,B,n,O,亻,dài
表,E,n,O,衣,biǎo
齐,B,nz,O,齐,qí
聚,M,nz,O,耳,jù
一,M,nz,O,一,yī
堂,E,nz,O,土,táng
",",S,x,O,UNK,UNK
sep,sep,sep,sep,sep,sep
就,S,d,O,尢,jiù
LB,S,x,O,UNK,UNK
近,B,t,O,辶,jìn
年,M,t,O,干,nián
来,E,t,O,木,lái
国,B,s,O,囗,guó
内,M,s,O,冂,nèi
外,E,s,O,夕,wài
内,B,n,B-Disease,冂,nèi
分,M,n,I-Disease,刀,fēn
泌,E,n,I-Disease,氵,mì
性,B,n,I-Disease,忄,xìng
腺,E,n,I-Disease,月,xiàn
疾,B,n,O,疒,jí
病,E,n,O,疒,bìng
及,S,c,O,又,jí
糖,B,n,B-Disease,米,táng
尿,M,n,I-Disease,尸,niào
病,E,n,I-Disease,疒,bìng
相,B,v,O,目,xiāng
关,E,v,O,丷,guān
领,B,n,O,页,lǐng
域,E,n,O,土,yù
的,S,uj,O,白,dí
研,S,vn,O,石,yán
LB,S,x,O,UNK,UNK
究,S,d,O,穴,jiū
进,B,vn,O,辶,jìn
展,E,vn,O,尸,zhǎn
以,B,c,O,人,yǐ
及,E,c,O,又,jí
重,B,n,O,里,zhòng
点,E,n,O,灬,diǎn
、,S,x,O,UNK,UNK
热,B,n,O,灬,rè
点,E,n,O,灬,diǎn
和,S,c,O,口,hé
难,B,d,O,隹,nán
点,E,d,O,灬,diǎn
等,S,u,O,竹,děng
进,B,v,O,辶,jìn
行,E,v,O,行,háng
了,S,ul,O,乙,liǎo
学,B,v,O,子,xué
习,E,v,O,乙,xí
和,S,c,O,口,hé
讨,B,v,O,讠,tǎo
论,E,v,O,讠,lùn
交,S,v,O,亠,jiāo
LB,S,x,O,UNK,UNK
中,B,nt,O,丨,zhōng
国,M,nt,O,囗,guó
人,M,nt,O,人,rén
民,M,nt,O,乛,mín
解,M,nt,O,角,jiě
放,M,nt,O,攵,fàng
军,E,nt,O,冖,jūn
总,B,n,O,心,zǒng
医,M,n,O,匚,yī
院,E,n,O,阝,yuàn
内,B,n,O,冂,nèi
分,M,n,O,刀,fēn
泌,M,n,O,氵,mì
科,E,n,O,禾,kē
窦,B,nr,O,穴,dòu
京,M,nr,O,亠,jīng
涛,E,nr,O,氵,tāo
教,B,n,O,攵,jiào
授,E,n,O,扌,shòu
主,B,v,O,丶,zhǔ
持,E,v,O,扌,chí
",",S,x,O,UNK,UNK
sep,sep,sep,sep,sep,sep
中,S,f,O,丨,zhōng
LB,S,x,O,UNK,UNK
华,S,ns,O,十,huá
内,B,n,O,冂,nèi
分,M,n,O,刀,fēn
泌,M,n,O,氵,mì
学,E,n,O,子,xué
分,B,n,O,刀,fēn
会,E,n,O,人,huì
候,B,n,O,亻,hòu
任,E,n,O,亻,rèn
主,B,n,O,丶,zhǔ
任,M,n,O,亻,rèn
委,M,n,O,女,wěi
员,E,n,O,口,yuán
、,S,x,O,UNK,UNK
性,B,n,O,忄,xìng
腺,E,n,O,月,xiàn
学,B,n,O,子,xué
组,E,n,O,纟,zǔ
名,B,n,O,口,míng
誉,E,n,O,言,yù
组,B,v,O,纟,zǔ
长,E,v,O,长,cháng
母,S,n,O,母,mǔ
LB,S,x,O,UNK,UNK
义,B,n,O,丶,yì
明,E,n,O,日,míng
教,B,n,O,攵,jiào
授,E,n,O,扌,shòu
致,S,v,O,至,zhì
开,B,n,O,廾,kāi
幕,M,n,O,巾,mù
辞,E,n,O,辛,cí
。,S,x,O,UNK,UNK
sep,sep,sep,sep,sep,sep
SPACE,S,x,O,UNK,UNK
母,B,nr,O,母,mǔ
义,M,nr,O,丶,yì
明,E,nr,O,日,míng
教,B,n,O,攵,jiào
授,E,n,O,扌,shòu
回,B,v,O,囗,huí
顾,E,v,O,页,gù
了,S,ul,O,乙,liǎo
性,B,n,O,忄,xìng
腺,E,n,O,月,xiàn
学,B,n,O,子,xué
组,E,n,O,纟,zǔ
从,S,p,O,人,cóng
组,S,v,O,纟,zǔ
LB,S,x,O,UNK,UNK
建,S,v,O,廴,jiàn
至,B,d,O,至,zhì
今,E,d,O,人,jīn
的,S,uj,O,白,dí
成,B,v,O,戈,chéng
长,E,v,O,长,cháng
历,B,n,O,厂,lì
程,E,n,O,禾,chéng
",",S,x,O,UNK,UNK
sep,sep,sep,sep,sep,sep
以,B,c,O,人,yǐ
及,E,c,O,又,jí
为,S,p,O,丶,wéi
普,B,ns,O,日,pǔ
及,E,ns,O,又,jí
和,S,c,O,口,hé
提,B,v,O,扌,tí
高,E,v,O,高,gāo
国,B,s,O,囗,guó
内,E,s,O,冂,nèi
性,B,n,O,忄,xìng
腺,E,n,O,月,xiàn
疾,B,n,O,疒,jí
病,E,n,O,疒,bìng
LB,S,x,O,UNK,UNK
诊,B,v,O,讠,zhěn
疗,E,v,O,疒,liáo
水,B,n,O,水,shuǐ
平,E,n,O,干,píng
所,S,u,O,户,suǒ
做,S,v,O,亻,zuò
的,S,uj,O,白,dí
努,B,ad,O,力,nǔ
力,E,ad,O,力,lì
",",S,x,O,UNK,UNK
sep,sep,sep,sep,sep,sep
并,S,c,O,干,bìng
对,S,p,O,寸,duì
下,S,f,O,一,xià
一,B,m,O,一,yī
届,E,m,O,尸,jiè
学,B,n,O,子,xué
组,E,n,O,纟,zǔ
的,S,uj,O,白,dí
工,B,vn,O,工,gōng
作,E,vn,O,亻,zuò
提,B,v,O,扌,tí
出,E,v,O,凵,chū
了,S,ul,O,乙,liǎo
LB,S,x,O,UNK,UNK
殷,B,nr,O,殳,yīn
切,M,nr,O,刀,qiē
期,M,nr,O,月,qī
望,E,nr,O,月,wàng
。,S,x,O,UNK,UNK
sep,sep,sep,sep,sep,sep
SPACE,S,x,O,UNK,UNK
本,B,r,O,木,běn
次,E,r,O,欠,cì
大,B,n,O,大,dà
会,E,n,O,人,huì
采,B,v,O,采,cǎi
取,E,v,O,又,qǔ
了,S,ul,O,乙,liǎo
灵,B,i,O,火,líng
活,M,i,O,氵,huó
多,M,i,O,夕,duō
样,E,i,O,木,yàng
的,S,uj,O,白,dí
形,B,n,O,彡,xíng
式,E,n,O,弋,shì
",",S,x,O,UNK,UNK
sep,sep,sep,sep,sep,sep
其,B,r,O,八,qí
中,E,r,O,丨,zhōng
包,S,v,O,勹,bāo
LB,S,x,O,UNK,UNK
括,S,v,O,扌,kuò
专,B,n,O,一,zhuān
家,E,n,O,宀,jiā
讲,B,n,O,讠,jiǎng
座,E,n,O,广,zuò
、,S,x,O,UNK,UNK
专,B,n,O,一,zhuān
题,E,n,O,页,tí
论,B,n,O,讠,lùn
坛,E,n,O,土,tán
和,S,c,O,口,hé
经,B,n,O,纟,jīng
典,E,n,O,八,diǎn
病,B,n,O,疒,bìng
例,E,n,O,亻,lì
讨,B,v,O,讠,tǎo
论,E,v,O,讠,lùn
等,S,u,O,竹,děng
",",S,x,O,UNK,UNK
sep,sep,sep,sep,sep,sep
充,B,ad,O,亠,chōng
分,E,ad,O,刀,fēn
展,B,v,O,尸,zhǎn
示,E,v,O,示,shì
了,S,ul,O,乙,liǎo
LB,S,x,O,UNK,UNK
国,B,s,O,囗,guó
内,E,s,O,冂,nèi
内,B,n,O,冂,nèi
分,M,n,O,刀,fēn
泌,E,n,O,氵,mì
性,B,n,O,忄,xìng
腺,E,n,O,月,xiàn
疾,B,n,O,疒,jí
病,E,n,O,疒,bìng
研,B,vn,O,石,yán
究,E,vn,O,穴,jiū
和,S,c,O,口,hé
临,B,l,O,丨,lín
床,M,l,O,广,chuáng
实,M,l,O,宀,shí
践,E,l,O,足,jiàn
工,B,vn,O,工,gōng
作,E,vn,O,亻,zuò
的,S,uj,O,白,dí
欣,B,i,O,欠,xīn
欣,M,i,O,欠,xīn
向,M,i,O,口,xiàng
荣,E,i,O,艹,róng
LB,S,x,O,UNK,UNK
面,B,n,O,面,miàn
貌,E,n,O,豸,mào
。,S,x,O,UNK,UNK
sep,sep,sep,sep,sep,sep
SPACE,S,x,O,UNK,UNK
大,B,n,O,大,dà
会,E,n,O,人,huì
主,B,b,O,丶,zhǔ
要,E,b,O,覀,yào
就,S,d,O,尢,jiù
以,B,l,O,人,yǐ
下,M,l,O,一,xià
内,M,l,O,冂,nèi
容,E,l,O,宀,róng
进,B,v,O,辶,jìn
行,E,v,O,行,háng
了,S,ul,O,乙,liǎo
交,B,n,O,亠,jiāo
流,E,n,O,氵,liú
。,S,x,O,UNK,UNK
sep,sep,sep,sep,sep,sep
LB,S,x,O,UNK,UNK
一,S,m,O,一,yī
、,S,x,O,UNK,UNK
SPACE,S,x,O,UNK,UNK
性,B,n,B-Disease,忄,xìng
腺,E,n,I-Disease,月,xiàn
发,B,vn,I-Disease,又,fā
育,E,vn,I-Disease,月,yù
异,B,d,I-Disease,廾,yì
常,E,d,I-Disease,巾,cháng
疾,B,n,I-Disease,疒,jí
病,E,n,I-Disease,疒,bìng
的,S,uj,O,白,dí
临,B,vn,O,丨,lín
床,E,vn,O,广,chuáng
评,B,vn,O,讠,píng
估,E,vn,O,亻,gū
sep,sep,sep,sep,sep,sep
LB,S,x,O,UNK,UNK
中,B,nt,O,丨,zhōng
山,M,nt,O,山,shān
大,M,nt,O,大,dà
学,E,nt,O,子,xué
孙,S,zg,O,子,sūn
≥,S,x,O,UNK,UNK
仙,S,ng,O,亻,xiān
纪,B,n,O,纟,jì
念,E,n,O,心,niàn
医,B,n,O,匚,yī
院,E,n,O,阝,yuàn
内,B,n,O,冂,nèi
分,M,n,O,刀,fēn
泌,M,n,O,氵,mì
科,E,n,O,禾,kē
的,S,uj,O,白,dí
李,B,nr,O,木,lǐ
芳,M,nr,O,艹,fāng
萍,E,nr,O,艹,píng
教,B,n,O,攵,jiào
授,E,n,O,扌,shòu
sep,sep,sep,sep,sep,sep
LB,S,x,O,UNK,UNK
系,B,n,O,糸,xì
统,E,n,O,纟,tǒng
讲,B,v,O,讠,jiǎng
解,E,v,O,角,jiě
了,S,ul,O,乙,liǎo
性,B,n,B-Disease,忄,xìng
腺,E,n,I-Disease,月,xiàn
疾,B,n,I-Disease,疒,jí
病,E,n,I-Disease,疒,bìng
发,B,vn,I-Disease,又,fā
育,E,vn,I-Disease,月,yù
异,B,d,I-Disease,廾,yì
常,E,d,I-Disease,巾,cháng
的,S,uj,O,白,dí
临,B,vn,O,丨,lín
床,E,vn,O,广,chuáng
病,B,n,O,疒,bìng
史,E,n,O,口,shǐ
采,B,v,O,采,cǎi
集,E,v,O,隹,jí
和,S,c,O,口,hé
体,B,n,O,亻,tǐ
格,E,n,O,木,gé
sep,sep,sep,sep,sep,sep
LB,S,x,O,UNK,UNK
检,B,vn,O,木,jiǎn
查,E,vn,O,木,chá
内,B,n,O,冂,nèi
容,E,n,O,宀,róng
",",S,x,O,UNK,UNK
尤,B,d,O,尢,yóu
其,E,d,O,八,qí
是,S,v,O,日,shì
外,B,n,B-Disease,夕,wài
生,M,n,I-Disease,生,shēng
殖,M,n,I-Disease,歹,zhí
器,E,n,I-Disease,口,qì
畸,B,n,I-Disease,田,jī
形,E,n,I-Disease,彡,xíng
的,S,uj,O,白,dí
SPACE,S,x,O,UNK,UNK
P,B,eng,B-Test,UNK,UNK
r,M,eng,I-Test,UNK,UNK
a,M,eng,I-Test,UNK,UNK
d,M,eng,I-Test,UNK,UNK
e,M,eng,I-Test,UNK,UNK
r,E,eng,I-Test,UNK,UNK
SPACE,S,x,I-Test,UNK,UNK
评,B,n,I-Test,讠,píng
分,E,n,I-Test,刀,fēn
和,S,c,O,口,hé
青,B,ns,O,青,qīng
春,E,ns,O,日,chūn
LB,S,x,O,UNK,UNK
期,S,n,O,月,qī
发,B,vn,O,又,fā
育,E,vn,O,月,yù
的,S,uj,O,白,dí
性,B,n,B-Anatomy,忄,xìng
腺,E,n,I-Anatomy,月,xiàn
和,S,c,O,口,hé
第,B,nz,B-Anatomy,竹,dì
二,M,nz,I-Anatomy,二,èr
性,M,nz,I-Anatomy,忄,xìng
征,E,nz,I-Anatomy,彳,zhēng
SPACE,S,x,O,UNK,UNK
T,B,eng,O,UNK,UNK
a,M,eng,O,UNK,UNK
n,M,eng,O,UNK,UNK
n,M,eng,O,UNK,UNK
e,M,eng,O,UNK,UNK
r,E,eng,O,UNK,UNK
SPACE,S,x,O,UNK,UNK
分,B,vn,O,刀,fēn
期,E,vn,O,月,qī
等,S,u,O,竹,děng
;,S,x,O,UNK,UNK
sep,sep,sep,sep,sep,sep
解,B,v,O,角,jiě
读,E,v,O,讠,dú
了,S,ul,O,乙,liǎo
评,B,n,O,讠,píng
价,E,n,O,亻,jià
LB,S,x,O,UNK,UNK
下,B,n,B-Anatomy,一,xià
丘,M,n,I-Anatomy,丿,qiū
脑,E,n,I-Anatomy,月,nǎo
-,S,x,O,UNK,UNK
垂,B,n,B-Anatomy,土,chuí
体,E,n,I-Anatomy,亻,tǐ
-,S,x,O,UNK,UNK
性,B,n,B-Anatomy,忄,xìng
腺,E,n,I-Anatomy,月,xiàn
轴,S,n,O,车,zhóu
功,B,n,O,力,gōng
能,E,n,O,月,néng
的,S,uj,O,白,dí
基,B,n,O,土,jī
础,E,n,O,石,chǔ
和,S,c,O,口,hé
动,B,n,O,力,dòng
态,E,n,O,心,tài
试,B,vn,O,讠,shì
验,E,vn,O,马,yàn
的,S,uj,O,白,dí
临,B,vn,O,丨,lín
床,E,vn,O,广,chuáng
意,S,n,O,心,yì
LB,S,x,O,UNK,UNK
义,S,ng,O,丶,yì
。,S,x,O,UNK,UNK
sep,sep,sep,sep,sep,sep
SPACE,S,x,O,UNK,UNK
指,B,v,O,扌,zhǐ
出,E,v,O,凵,chū
虽,B,c,O,虫,suī
然,E,c,O,灬,rán
部,B,n,O,阝,bù
分,E,n,O,刀,fēn
内,B,n,B-Disease,冂,nèi
分,M,n,I-Disease,刀,fēn
泌,E,n,I-Disease,氵,mì
性,B,n,I-Disease,忄,xìng
腺,E,n,I-Disease,月,xiàn
疾,B,n,I-Disease,疒,jí
病,E,n,I-Disease,疒,bìng
看,B,v,O,目,kàn
似,E,v,O,亻,sì
复,B,a,O,夂,fù
杂,E,a,O,木,zá
无,B,v,O,一,wú
从,E,v,O,人,cóng
下,S,f,O,一,xià
LB,S,x,O,UNK,UNK
手,S,n,O,手,shǒu
",",S,x,O,UNK,UNK
sep,sep,sep,sep,sep,sep
但,B,c,O,亻,dàn
是,E,c,O,日,shì
通,B,p,O,辶,tōng
过,E,p,O,辶,guò
扎,B,a,O,扌,zā
实,E,a,O,宀,shí
的,S,uj,O,白,dí
临,B,vn,O,丨,lín
床,E,vn,O,广,chuáng
基,B,n,O,土,jī
本,M,n,O,木,běn
功,E,n,O,力,gōng
训,B,vn,O,讠,xùn
练,E,vn,O,纟,liàn
一,B,a,O,一,yī
般,E,a,O,舟,bān
都,S,d,O,阝,dū
能,B,v,O,月,néng
够,E,v,O,夕,gòu
理,B,v,O,王,lǐ
清,E,v,O,氵,qīng
LB,S,x,O,UNK,UNK
诊,B,v,O,讠,zhěn
断,E,v,O,斤,duàn
思,B,n,O,心,sī
路,E,n,O,足,lù
并,S,c,O,干,bìng
作,B,v,O,亻,zuò
出,E,v,O,凵,chū
正,B,ad,O,止,zhèng
确,E,ad,O,石,què
的,S,uj,O,白,dí
判,B,v,O,刂,pàn
断,E,v,O,斤,duàn
。,S,x,O,UNK,UNK
sep,sep,sep,sep,sep,sep
SPACE,S,x,O,UNK,UNK
这,S,r,O,辶,zhè
一,B,m,O,一,yī
点,E,m,O,灬,diǎn
对,B,p,O,寸,duì
于,E,p,O,二,yú
基,B,n,O,土,jī
层,M,n,O,尸,céng
医,M,n,O,匚,yī
院,E,n,O,阝,yuàn
内,S,n,O,冂,nèi
LB,S,x,O,UNK,UNK
分,B,v,O,刀,fēn
泌,E,v,O,氵,mì
科,S,n,O,禾,kē
医,B,n,O,匚,yī
生,E,n,O,生,shēng
开,B,v,O,廾,kāi
展,E,v,O,尸,zhǎn
性,B,n,B-Disease,忄,xìng
腺,E,n,I-Disease,月,xiàn
疾,B,n,I-Disease,疒,jí
病,E,n,I-Disease,疒,bìng
诊,B,v,O,讠,zhěn
治,E,v,O,氵,zhì
临,B,vn,O,丨,lín
床,E,vn,O,广,chuáng
工,B,vn,O,工,gōng
作,E,vn,O,亻,zuò
尤,B,d,O,尢,yóu
其,E,d,O,八,qí
重,B,a,O,里,zhòng
要,E,a,O,覀,yào
。,S,x,O,UNK,UNK
sep,sep,sep,sep,sep,sep
LB,S,x,O,UNK,UNK
二,S,m,O,二,èr
、,S,x,O,UNK,UNK
SPACE,S,x,O,UNK,UNK
性,B,n,O,忄,xìng
别,E,n,O,刂,bié
决,B,v,O,冫,jué
定,E,v,O,宀,dìng
和,S,c,O,口,hé
性,S,n,O,忄,xìng
分,B,vn,O,刀,fēn
化,E,vn,O,亻,huà
异,B,d,O,廾,yì
常,E,d,O,巾,cháng
的,S,uj,O,白,dí
分,B,n,O,刀,fēn
子,M,n,O,子,zǐ
生,M,n,O,生,shēng
物,M,n,O,牜,wù
学,E,n,O,子,xué
和,S,c,O,口,hé
胚,B,n,O,月,pēi
胎,E,n,O,月,tāi
sep,sep,sep,sep,sep,sep
LB,S,x,O,UNK,UNK
学,S,n,O,子,xué
LB,S,x,O,UNK,UNK
荣,B,nr,O,艹,róng
获,E,nr,O,艹,huò
SPACE,S,x,O,UNK,UNK
NUM,B,m,O,UNK,UNK
NUM,M,m,O,UNK,UNK
NUM,M,m,O,UNK,UNK
NUM,E,m,O,UNK,UNK
SPACE,S,x,O,UNK,UNK
年,S,m,O,干,nián
中,B,nz,O,丨,zhōng
华,E,nz,O,十,huá
内,B,n,O,冂,nèi
分,M,n,O,刀,fēn
泌,E,n,O,氵,mì
学,B,n,O,子,xué
会,E,n,O,人,huì
终,B,d,O,纟,zhōng
身,E,d,O,身,shēn
成,B,n,O,戈,chéng
就,M,n,O,尢,jiù
奖,E,n,O,大,jiǎng
、,S,x,O,UNK,UNK
解,B,nt,O,角,jiě
放,M,nt,O,攵,fàng
军,E,nt,O,冖,jūn
sep,sep,sep,sep,sep,sep
LB,S,x,O,UNK,UNK
总,B,n,O,心,zǒng
医,M,n,O,匚,yī
院,E,n,O,阝,yuàn
内,B,n,O,冂,nèi
分,M,n,O,刀,fēn
泌,M,n,O,氵,mì
科,E,n,O,禾,kē
李,S,nr,O,木,lǐ
江,B,ns,O,氵,jiāng
源,E,ns,O,氵,yuán
教,B,n,O,攵,jiào
授,E,n,O,扌,shòu
",",S,x,O,UNK,UNK
sep,sep,sep,sep,sep,sep
讲,B,v,O,讠,jiǎng
解,E,v,O,角,jiě
了,S,ul,O,乙,liǎo
决,B,n,O,冫,jué
定,M,n,O,宀,dìng
性,E,n,O,忄,xìng
别,B,r,O,刂,bié
的,E,r,O,白,dí
分,B,n,O,刀,fēn
子,E,n,O,子,zǐ
LB,S,x,O,UNK,UNK
生,B,n,O,生,shēng
物,M,n,O,牜,wù
学,E,n,O,子,xué
基,B,n,O,土,jī
础,E,n,O,石,chǔ
。,S,x,O,UNK,UNK
sep,sep,sep,sep,sep,sep
SPACE,S,x,O,UNK,UNK
李,B,nr,O,木,lǐ
教,M,nr,O,攵,jiào
授,E,nr,O,扌,shòu
介,B,v,O,人,jiè
绍,E,v,O,纟,shào
了,S,ul,O,乙,liǎo
性,B,n,B-Anatomy,忄,xìng
别,E,n,I-Anatomy,刂,bié
决,B,v,I-Anatomy,冫,jué
定,E,v,I-Anatomy,宀,dìng
基,B,n,I-Anatomy,土,jī
因,E,n,I-Anatomy,囗,yīn
(,S,x,O,UNK,UNK
S,B,eng,B-Anatomy,UNK,UNK
R,M,eng,I-Anatomy,UNK,UNK
Y,E,eng,I-Anatomy,UNK,UNK
),S,x,O,UNK,UNK
基,B,n,O,土,jī
因,E,n,O,囗,yīn
LB,S,x,O,UNK,UNK
和,S,c,O,口,hé
SPACE,S,x,O,UNK,UNK
S,B,eng,B-Anatomy,UNK,UNK
O,M,eng,I-Anatomy,UNK,UNK
Q,M,eng,I-Anatomy,UNK,UNK
NUM,E,eng,I-Anatomy,UNK,UNK
SPACE,S,x,I-Anatomy,UNK,UNK
基,B,n,I-Anatomy,土,jī
因,E,n,I-Anatomy,囗,yīn
在,S,p,O,土,zài
决,B,v,O,冫,jué
定,E,v,O,宀,dìng
性,B,n,B-Anatomy,忄,xìng
腺,E,n,I-Anatomy,月,xiàn
分,B,vn,O,刀,fēn
化,E,vn,O,亻,huà
中,S,f,O,丨,zhōng
的,S,uj,O,白,dí
核,B,n,O,木,hé
心,E,n,O,心,xīn
地,B,n,O,土,dì
位,E,n,O,亻,wèi
",",S,x,O,UNK,UNK
sep,sep,sep,sep,sep,sep
并,S,c,O,干,bìng
列,B,v,O,刂,liè
举,E,v,O,丶,jǔ
LB,S,x,O,UNK,UNK
了,S,ul,O,乙,liǎo
上,B,b,O,一,shàng
述,E,b,O,辶,shù
基,B,n,O,土,jī
因,M,n,O,囗,yīn
突,M,n,O,穴,tū
变,E,n,O,又,biàn
所,S,c,O,户,suǒ
产,B,n,O,亠,chǎn
生,E,n,O,生,shēng
的,S,uj,O,白,dí
性,S,n,O,忄,xìng
反,B,v,O,又,fǎn
转,E,v,O,车,zhuǎn
的,S,uj,O,白,dí
病,B,n,O,疒,bìng
例,E,n,O,亻,lì
特,B,n,O,牜,tè
点,E,n,O,灬,diǎn
。,S,x,O,UNK,UNK
sep,sep,sep,sep,sep,sep
SPACE,S,x,O,UNK,UNK
上,S,f,O,一,shàng
海,B,nz,O,氵,hǎi
瑞,E,nz,O,王,ruì
LB,S,x,O,UNK,UNK
金,S,nr,O,金,jīn
医,B,n,O,匚,yī
院,E,n,O,阝,yuàn
内,B,n,O,冂,nèi
分,M,n,O,刀,fēn
泌,M,n,O,氵,mì
科,E,n,O,禾,kē
李,B,nr,O,木,lǐ
小,M,nr,O,小,xiǎo
英,E,nr,O,艹,yīng
教,B,n,O,攵,jiào
授,E,n,O,扌,shòu
在,S,p,O,土,zài
性,B,n,B-Disease,忄,xìng
腺,E,n,I-Disease,月,xiàn
疾,B,n,I-Disease,疒,jí
病,E,n,I-Disease,疒,bìng
分,B,n,O,刀,fēn
子,M,n,O,子,zǐ
生,M,n,O,生,shēng
物,M,n,O,牜,wù
学,E,n,O,子,xué
研,S,vn,O,石,yán
LB,S,x,O,UNK,UNK
究,S,d,O,穴,jiū
进,B,vn,O,辶,jìn
展,E,vn,O,尸,zhǎn
的,S,uj,O,白,dí
专,B,n,O,一,zhuān
题,E,n,O,页,tí
中,S,f,O,丨,zhōng
特,B,d,O,牜,tè
别,E,d,O,刂,bié
指,B,v,O,扌,zhǐ
出,E,v,O,凵,chū
",",S,x,O,UNK,UNK
sep,sep,sep,sep,sep,sep
性,B,n,B-Disease,忄,xìng
腺,E,n,I-Disease,月,xiàn
疾,B,n,I-Disease,疒,jí
病,E,n,I-Disease,疒,bìng
的,S,uj,O,白,dí
诊,B,v,O,讠,zhěn
治,E,v,O,氵,zhì
是,S,v,O,日,shì
一,B,m,O,一,yī
个,E,m,O,人,gè
复,S,v,O,夂,fù
LB,S,x,O,UNK,UNK
杂,S,a,O,木,zá
的,S,uj,O,白,dí
工,B,n,O,工,gōng
程,E,n,O,禾,chéng
",",S,x,O,UNK,UNK
sep,sep,sep,sep,sep,sep
明,B,a,O,日,míng
晰,E,a,O,日,xī
诊,B,v,O,讠,zhěn
断,E,v,O,斤,duàn
思,B,n,O,心,sī
路,E,n,O,足,lù
的,S,uj,O,白,dí
前,B,n,O,刂,qián
提,E,n,O,扌,tí
是,S,v,O,日,shì
需,B,v,O,雨,xū
要,E,v,O,覀,yào
临,B,vn,O,丨,lín
床,E,vn,O,广,chuáng
医,B,n,O,匚,yī
生,E,n,O,生,shēng
对,B,p,O,寸,duì
于,E,p,O,二,yú
LB,S,x,O,UNK,UNK
性,B,n,B-Anatomy,忄,xìng
腺,E,n,I-Anatomy,月,xiàn
发,B,vn,O,又,fā
育,E,vn,O,月,yù
的,S,uj,O,白,dí
组,B,v,O,纟,zǔ
织,E,v,O,纟,zhī
胚,B,n,O,月,pēi
胎,M,n,O,月,tāi
学,E,n,O,子,xué
过,B,n,O,辶,guò
程,E,n,O,禾,chéng
(,S,x,O,UNK,UNK
包,B,v,O,勹,bāo
括,E,v,O,扌,kuò
从,S,p,O,人,cóng
受,B,i,B-Anatomy,又,shòu
精,M,i,I-Anatomy,米,jīng
卵,E,i,I-Anatomy,卩,luǎn
到,S,v,O,刂,dào
新,B,n,O,斤,xīn
生,M,n,O,生,shēng
儿,E,n,O,儿,ér
LB,S,x,O,UNK,UNK
出,B,v,O,凵,chū
生,E,v,O,生,shēng
),S,x,O,UNK,UNK
有,S,v,O,月,yǒu
一,B,m,O,一,yī
个,E,m,O,人,gè
清,B,a,O,氵,qīng
楚,E,a,O,木,chǔ
的,S,uj,O,白,dí
认,B,v,O,讠,rèn
识,E,v,O,讠,shí
。,S,x,O,UNK,UNK
sep,sep,sep,sep,sep,sep
SPACE,S,x,O,UNK,UNK
同,B,c,O,口,tóng
时,E,c,O,日,shí
强,B,v,O,弓,qiáng
调,E,v,O,讠,tiáo
",",S,x,O,UNK,UNK
性,B,n,B-Test,忄,xìng
腺,E,n,I-Test,月,xiàn
活,B,v,I-Test,氵,huó
检,E,v,I-Test,木,jiǎn
结,B,v,O,纟,jié
合,E,v,O,口,hé
LB,S,x,O,UNK,UNK
染,B,n,B-Test,木,rǎn
色,M,n,I-Test,色,sè
体,E,n,I-Test,亻,tǐ
检,B,n,I-Test,木,jiǎn
查,M,n,I-Test,木,chá
和,E,n,O,口,hé
基,B,n,B-Test,土,jī
因,M,n,I-Test,囗,yīn
学,E,n,I-Test,子,xué
检,B,vn,I-Test,木,jiǎn
测,E,vn,I-Test,氵,cè
对,B,p,O,寸,duì
于,E,p,O,二,yú
部,B,n,O,阝,bù
分,E,n,O,刀,fēn
复,B,a,B-Level,夂,fù
杂,E,a,I-Level,木,zá
疑,B,n,I-Level,疋,yí
难,E,n,I-Level,隹,nán
性,B,n,B-Disease,忄,xìng
腺,E,n,I-Disease,月,xiàn
疾,B,n,I-Disease,疒,jí
病,E,n,I-Disease,疒,bìng
LB,S,x,O,UNK,UNK
病,B,n,O,疒,bìng
例,E,n,O,亻,lì
的,S,uj,O,白,dí
确,B,v,O,石,què
诊,E,v,O,讠,zhěn
尤,B,nr,O,尢,yóu
为,M,nr,O,丶,wéi
重,M,nr,O,里,zhòng
要,E,nr,O,覀,yào
;,S,x,O,UNK,UNK
sep,sep,sep,sep,sep,sep
从,S,p,O,人,cóng
先,S,d,O,儿,xiān
证,B,n,O,讠,zhèng
者,E,n,O,耂,zhě
入,B,v,O,入,rù
手,E,v,O,手,shǒu
开,B,v,O,廾,kāi
展,E,v,O,尸,zhǎn
家,S,q,B-Test,宀,jiā
系,S,v,I-Test,糸,xì
调,B,vn,I-Test,讠,tiáo
查,E,vn,I-Test,木,chá
和,S,c,O,口,hé
LB,S,x,O,UNK,UNK
相,B,v,O,目,xiāng
关,E,v,O,丷,guān
基,B,n,B-Test,土,jī
因,E,n,I-Test,囗,yīn
检,B,vn,I-Test,木,jiǎn
测,E,vn,I-Test,氵,cè
的,S,uj,O,白,dí
科,B,n,O,禾,kē
研,E,n,O,石,yán
和,S,c,O,口,hé
临,B,vn,O,丨,lín
床,E,vn,O,广,chuáng
工,B,vn,O,工,gōng
作,E,vn,O,亻,zuò
",",S,x,O,UNK,UNK
sep,sep,sep,sep,sep,sep
并,S,c,O,干,bìng
对,S,p,O,寸,duì
突,B,v,O,穴,tū
变,E,v,O,又,biàn
基,B,n,O,土,jī
因,E,n,O,囗,yīn
进,B,v,O,辶,jìn
行,E,v,O,行,háng
LB,S,x,O,UNK,UNK
功,B,n,O,力,gōng
能,E,n,O,月,néng
学,S,n,O,子,xué
验,B,v,O,马,yàn
证,E,v,O,讠,zhèng
的,S,uj,O,白,dí
基,B,n,O,土,jī
础,E,n,O,石,chǔ
研,B,vn,O,石,yán
究,E,vn,O,穴,jiū
",",S,x,O,UNK,UNK
sep,sep,sep,sep,sep,sep
有,B,v,O,月,yǒu
助,M,v,O,力,zhù
于,E,v,O,二,yú
提,B,v,O,扌,tí
升,E,v,O,十,shēng
对,S,p,O,寸,duì
这,B,r,O,辶,zhè
些,E,r,O,二,xiē
疾,B,n,O,疒,jí
病,E,n,O,疒,bìng
发,B,v,O,又,fā
病,E,v,O,疒,bìng
LB,S,x,O,UNK,UNK
机,B,n,O,木,jī
制,E,n,O,刂,zhì
的,S,uj,O,白,dí
深,B,v,O,氵,shēn
入,E,v,O,入,rù
认,B,v,O,讠,rèn
识,E,v,O,讠,shí
。,S,x,O,UNK,UNK
sep,sep,sep,sep,sep,sep
LB,S,x,O,UNK,UNK
三,S,m,O,一,sān
、,S,x,O,UNK,UNK
SPACE,S,x,O,UNK,UNK
青,B,nr,B-Disease,青,qīng
少,M,nr,I-Disease,小,shǎo
年,E,nr,I-Disease,干,nián
性,S,n,I-Disease,忄,xìng
分,B,vn,I-Disease,刀,fēn
化,E,vn,I-Disease,亻,huà
和,S,c,I-Disease,口,hé
性,S,n,I-Disease,忄,xìng
发,B,vn,I-Disease,又,fā
育,E,vn,I-Disease,月,yù
异,B,d,I-Disease,廾,yì
常,E,d,I-Disease,巾,cháng
sep,sep,sep,sep,sep,sep
LB,S,x,O,UNK,UNK
青,B,nr,O,青,qīng
少,M,nr,O,小,shǎo
年,E,nr,O,干,nián
的,S,uj,O,白,dí
健,B,a,O,亻,jiàn
康,E,a,O,广,kāng
性,S,n,O,忄,xìng
发,B,vn,O,又,fā
育,E,vn,O,月,yù
对,B,p,O,寸,duì
于,E,p,O,二,yú
本,B,r,O,木,běn
人,E,r,O,人,rén
、,S,x,O,UNK,UNK
家,B,n,O,宀,jiā
庭,E,n,O,广,tíng
和,S,c,O,口,hé
社,B,n,O,礻,shè
会,E,n,O,人,huì
的,S,uj,O,白,dí
重,S,a,O,里,zhòng
sep,sep,sep,sep,sep,sep
LB,S,x,O,UNK,UNK
要,S,v,O,覀,yào
意,B,n,O,心,yì
义,E,n,O,丶,yì
都,S,d,O,阝,dū
不,B,i,O,一,bù
言,M,i,O,言,yán
而,M,i,O,而,ér
喻,E,i,O,口,yù
。,S,x,O,UNK,UNK
sep,sep,sep,sep,sep,sep
SPACE,S,x,O,UNK,UNK
近,B,t,O,辶,jìn
年,M,t,O,干,nián
来,E,t,O,木,lái
",",S,x,O,UNK,UNK
青,B,nr,O,青,qīng
少,M,nr,O,小,shǎo
年,E,nr,O,干,nián
肥,B,a,B-Disease,月,féi
胖,E,a,I-Disease,月,pàng
导,B,v,O,寸,dǎo
致,E,v,O,至,zhì
糖,B,n,B-Disease,米,táng
尿,M,n,I-Disease,尸,niào
病,E,n,I-Disease,疒,bìng
LB,S,x,O,UNK,UNK
等,S,u,O,竹,děng
代,B,v,B-Disease,亻,dài
谢,E,v,I-Disease,讠,xiè
综,B,n,I-Disease,纟,zōng
合,M,n,I-Disease,口,hé
征,E,n,I-Disease,彳,zhēng
各,S,r,O,口,gè
组,B,n,O,纟,zǔ
分,E,n,O,刀,fēn
患,B,n,O,心,huàn
病,M,n,O,疒,bìng
率,E,n,O,玄,shuài
增,B,v,O,土,zēng
加,E,v,O,力,jiā
",",S,x,O,UNK,UNK
sep,sep,sep,sep,sep,sep
对,B,p,O,寸,duì
于,E,p,O,二,yú
性,B,n,B-Anatomy,忄,xìng
腺,E,n,I-Anatomy,月,xiàn
发,B,vn,O,又,fā
育,E,vn,O,月,yù
的,S,uj,O,白,dí
不,S,a,O,一,bù
LB,S,x,O,UNK,UNK
良,S,a,O,艮,liáng
影,B,vn,O,彡,yǐng
响,E,vn,O,口,xiǎng
也,S,d,O,乙,yě
逐,B,d,O,辶,zhú
渐,E,d,O,氵,jiàn
显,B,l,O,日,xiǎn
现,M,l,O,见,xiàn
出,M,l,O,凵,chū
来,E,l,O,木,lái
。,S,x,O,UNK,UNK
sep,sep,sep,sep,sep,sep
SPACE,S,x,O,UNK,UNK
解,B,nt,O,角,jiě
放,M,nt,O,攵,fàng
军,M,nt,O,冖,jūn
总,M,nt,O,心,zǒng
医,M,nt,O,匚,yī
院,E,nt,O,阝,yuàn
内,B,n,O,冂,nèi
分,M,n,O,刀,fēn
泌,M,n,O,氵,mì
科,E,n,O,禾,kē
母,B,n,O,母,mǔ
义,E,n,O,丶,yì
LB,S,x,O,UNK,UNK
明,S,a,O,日,míng
教,B,n,O,攵,jiào
授,E,n,O,扌,shòu
介,B,v,O,人,jiè
绍,E,v,O,纟,shào
了,S,ul,O,乙,liǎo
肥,B,a,B-Disease,月,féi
胖,E,a,I-Disease,月,pàng
、,S,x,O,UNK,UNK
高,S,a,B-Disease,高,gāo
饱,B,a,I-Disease,饣,bǎo
和,E,a,I-Disease,口,hé
游,B,n,B-Test,氵,yóu
离,E,n,I-Test,亠,lí
脂,B,n,I-Test,月,zhī
肪,M,n,I-Test,月,fáng
酸,E,n,I-Test,酉,suān
血,B,n,I-Disease,血,xiě
症,E,n,I-Disease,疒,zhèng
导,B,v,O,寸,dǎo
致,E,v,O,至,zhì
男,B,n,B-Disease,田,nán
性,E,n,I-Disease,忄,xìng
LB,S,x,I-Disease,UNK,UNK
睾,B,n,I-Disease,目,gāo
丸,E,n,I-Disease,丿,wán
发,B,l,I-Disease,又,fā
育,M,l,I-Disease,月,yù
不,M,l,I-Disease,一,bù
良,E,l,I-Disease,艮,liáng
、,S,x,O,UNK,UNK
游,B,n,B-Symptom,氵,yóu
离,E,n,I-Symptom,亠,lí
睾,B,n,I-Symptom,目,gāo
酮,E,n,I-Symptom,酉,tóng
水,B,n,I-Symptom,水,shuǐ
平,E,n,I-Symptom,干,píng
下,B,v,I-Symptom,一,xià
降,E,v,I-Symptom,阝,jiàng
的,S,uj,O,白,dí
发,B,v,O,又,fā
生,E,v,O,生,shēng
机,B,n,O,木,jī
制,E,n,O,刂,zhì
",",S,x,O,UNK,UNK
sep,sep,sep,sep,sep,sep
以,B,c,O,人,yǐ
及,E,c,O,又,jí
导,S,v,O,寸,dǎo
LB,S,x,O,UNK,UNK
致,S,v,O,至,zhì
女,B,n,B-Symptom,女,nǚ
性,E,n,I-Symptom,忄,xìng
颗,B,n,I-Symptom,页,kē
粒,M,n,I-Symptom,米,lì
细,M,n,I-Symptom,纟,xì
胞,E,n,I-Symptom,月,bāo
凋,B,v,I-Symptom,冫,diāo
亡,E,v,I-Symptom,亠,wáng
增,B,v,I-Symptom,土,zēng
加,E,v,I-Symptom,力,jiā
、,S,x,O,UNK,UNK
多,S,m,B-Disease,夕,duō
囊,S,ng,I-Disease,口,náng
卵,B,n,I-Disease,卩,luǎn
巢,E,n,I-Disease,巛,cháo
综,B,n,I-Disease,纟,zōng
合,M,n,I-Disease,口,hé
征,E,n,I-Disease,彳,zhēng
(,S,x,O,UNK,UNK
P,B,eng,B-Disease,UNK,UNK
C,M,eng,I-Disease,UNK,UNK
O,M,eng,I-Disease,UNK,UNK
S,E,eng,I-Disease,UNK,UNK
),S,x,O,UNK,UNK
的,S,uj,O,白,dí
LB,S,x,O,UNK,UNK
发,B,v,O,又,fā
生,E,v,O,生,shēng
机,B,n,O,木,jī
制,E,n,O,刂,zhì
",",S,x,O,UNK,UNK
sep,sep,sep,sep,sep,sep
强,B,l,O,弓,qiáng
调,M,l,O,讠,tiáo
指,M,l,O,扌,zhǐ
出,E,l,O,凵,chū
预,B,v,O,页,yù
防,E,v,O,阝,fáng
青,B,nr,B-Disease,青,qīng
少,M,nr,I-Disease,小,shǎo
年,E,nr,I-Disease,干,nián
肥,B,a,I-Disease,月,féi
胖,E,a,I-Disease,月,pàng
对,B,p,O,寸,duì
于,E,p,O,二,yú
健,B,a,O,亻,jiàn
康,E,a,O,广,kāng
性,S,n,O,忄,xìng
发,B,vn,O,又,fā
育,E,vn,O,月,yù
LB,S,x,O,UNK,UNK
的,S,uj,O,白,dí
意,B,n,O,心,yì
义,E,n,O,丶,yì
。,S,x,O,UNK,UNK
sep,sep,sep,sep,sep,sep
SPACE,S,x,O,UNK,UNK
北,B,nt,O,匕,běi
京,M,nt,O,亠,jīng
协,M,nt,O,十,xié
和,M,nt,O,口,hé
医,M,nt,O,匚,yī
院,E,nt,O,阝,yuàn
内,B,n,O,冂,nèi
分,M,n,O,刀,fēn
泌,M,n,O,氵,mì
科,E,n,O,禾,kē
伍,B,nr,O,亻,wǔ
学,M,nr,O,子,xué
焱,E,nr,O,火,yàn
教,B,n,O,攵,jiào
授,E,n,O,扌,shòu
在,S,p,O,土,zài
青,B,t,B-Disease,青,qīng
春,M,t,I-Disease,日,chūn
期,E,t,I-Disease,月,qī
LB,S,x,I-Disease,UNK,UNK
延,B,v,I-Disease,廴,yán
迟,E,v,I-Disease,辶,chí
的,S,uj,O,白,dí
诊,B,v,O,讠,zhěn
断,E,v,O,斤,duàn
和,S,c,O,口,hé
处,B,v,O,夂,chǔ
理,E,v,O,王,lǐ
讲,B,n,O,讠,jiǎng
座,E,n,O,广,zuò
中,S,f,O,丨,zhōng
",",S,x,O,UNK,UNK
sep,sep,sep,sep,sep,sep
分,B,vn,O,刀,fēn
析,E,vn,O,木,xī
了,S,ul,O,乙,liǎo
国,B,s,O,囗,guó
内,E,s,O,冂,nèi
青,B,t,B-Disease,青,qīng
春,M,t,I-Disease,日,chūn
期,E,t,I-Disease,月,qī
性,S,n,I-Disease,忄,xìng
发,B,vn,I-Disease,又,fā
育,E,vn,I-Disease,月,yù
LB,S,x,I-Disease,UNK,UNK
延,B,v,I-Disease,廴,yán
迟,E,v,I-Disease,辶,chí
的,S,uj,O,白,dí
研,B,vn,O,石,yán
究,E,vn,O,穴,jiū
历,B,n,O,厂,lì
程,E,n,O,禾,chéng
",",S,x,O,UNK,UNK
sep,sep,sep,sep,sep,sep
讲,B,v,O,讠,jiǎng
解,E,v,O,角,jiě
了,S,ul,O,乙,liǎo
其,S,r,O,八,qí
诊,B,v,O,讠,zhěn
断,E,v,O,斤,duàn
和,S,c,O,口,hé
鉴,B,v,O,金,jiàn
别,E,v,O,刂,bié
诊,B,v,O,讠,zhěn
断,E,v,O,斤,duàn
流,B,n,O,氵,liú
程,E,n,O,禾,chéng
;,S,x,O,UNK,UNK
sep,sep,sep,sep,sep,sep
并,S,c,O,干,bìng
介,S,v,O,人,jiè
LB,S,x,O,UNK,UNK
绍,S,nr,O,纟,shào
了,S,ul,O,乙,liǎo
常,B,a,O,巾,cháng
见,E,a,O,见,jiàn
的,S,uj,O,白,dí
青,B,t,B-Disease,青,qīng
春,M,t,I-Disease,日,chūn
期,E,t,I-Disease,月,qī
性,S,n,I-Disease,忄,xìng
发,B,vn,I-Disease,又,fā
育,E,vn,I-Disease,月,yù
延,B,v,I-Disease,廴,yán
迟,E,v,I-Disease,辶,chí
的,S,uj,O,白,dí
疾,B,n,O,疒,jí
病,M,n,O,疒,bìng
谱,E,n,O,讠,pǔ
",",S,x,O,UNK,UNK
sep,sep,sep,sep,sep,sep
SPACE,S,x,O,UNK,UNK
比,B,v,O,比,bǐ
如,E,v,O,女,rú
LB,S,x,O,UNK,UNK
K,B,eng,B-Disease,UNK,UNK
l,M,eng,I-Disease,UNK,UNK
i,M,eng,I-Disease,UNK,UNK
n,M,eng,I-Disease,UNK,UNK
e,M,eng,I-Disease,UNK,UNK
f,M,eng,I-Disease,UNK,UNK
e,M,eng,I-Disease,UNK,UNK
l,M,eng,I-Disease,UNK,UNK
t,M,eng,I-Disease,UNK,UNK
e,M,eng,I-Disease,UNK,UNK
r,E,eng,I-Disease,UNK,UNK
SPACE,S,x,I-Disease,UNK,UNK
综,B,n,I-Disease,纟,zōng
合,M,n,I-Disease,口,hé
征,E,n,I-Disease,彳,zhēng
和,S,c,O,口,hé
SPACE,S,x,O,UNK,UNK
K,B,eng,B-Disease,UNK,UNK
a,M,eng,I-Disease,UNK,UNK
l,M,eng,I-Disease,UNK,UNK
l,M,eng,I-Disease,UNK,UNK
m,M,eng,I-Disease,UNK,UNK
a,M,eng,I-Disease,UNK,UNK
n,M,eng,I-Disease,UNK,UNK
n,E,eng,I-Disease,UNK,UNK
SPACE,S,x,I-Disease,UNK,UNK
综,B,n,I-Disease,纟,zōng
合,M,n,I-Disease,口,hé
征,E,n,I-Disease,彳,zhēng
。,S,x,O,UNK,UNK
sep,sep,sep,sep,sep,sep
SPACE,S,x,O,UNK,UNK
伍,S,nr,O,亻,wǔ
教,B,n,O,攵,jiào
授,E,n,O,扌,shòu
结,B,v,O,纟,jié
合,E,v,O,口,hé
北,S,ns,O,匕,běi
LB,S,x,O,UNK,UNK
京,S,ns,O,亠,jīng
协,B,nt,O,十,xié
和,M,nt,O,口,hé
医,M,nt,O,匚,yī
院,E,nt,O,阝,yuàn
内,B,n,O,冂,nèi
分,M,n,O,刀,fēn
泌,M,n,O,氵,mì
科,E,n,O,禾,kē
的,S,uj,O,白,dí
临,B,n,O,丨,lín
床,M,n,O,广,chuáng
经,M,n,O,纟,jīng
验,E,n,O,马,yàn
",",S,x,O,UNK,UNK
sep,sep,sep,sep,sep,sep
介,B,v,O,人,jiè
绍,E,v,O,纟,shào
了,S,ul,O,乙,liǎo
人,S,n,B-Drug,人,rén
绒,B,n,I-Drug,纟,róng
毛,E,n,I-Drug,毛,máo
膜,S,n,I-Drug,月,mó
促,S,v,I-Drug,亻,cù
LB,S,x,I-Drug,UNK,UNK
性,B,n,I-Drug,忄,xìng
腺,E,n,I-Drug,月,xiàn
激,B,n,I-Drug,氵,jī
素,E,n,I-Drug,糸,sù
SPACE,S,x,O,UNK,UNK
/,S,x,O,UNK,UNK
尿,S,n,B-Drug,尸,niào
促,B,l,I-Drug,亻,cù
性,M,l,I-Drug,忄,xìng
腺,M,l,I-Drug,月,xiàn
激,E,l,I-Drug,氵,jī
素,S,n,I-Drug,糸,sù
(,S,x,O,UNK,UNK
h,B,eng,B-Drug,UNK,UNK
C,M,eng,I-Drug,UNK,UNK
G,E,eng,I-Drug,UNK,UNK
SPACE,S,x,O,UNK,UNK
/,S,x,O,UNK,UNK
SPACE,S,x,O,UNK,UNK
h,B,eng,B-Drug,UNK,UNK
M,M,eng,I-Drug,UNK,UNK
G,E,eng,I-Drug,UNK,UNK
),S,x,O,UNK,UNK
以,B,c,O,人,yǐ
及,E,c,O,又,jí
促,B,l,B-Drug,亻,cù
性,M,l,I-Drug,忄,xìng
腺,M,l,I-Drug,月,xiàn
激,E,l,I-Drug,氵,jī
素,S,n,I-Drug,糸,sù
LB,S,x,I-Drug,UNK,UNK
释,B,v,I-Drug,采,shì
放,E,v,I-Drug,攵,fàng
激,B,n,I-Drug,氵,jī
素,E,n,I-Drug,糸,sù
(,S,x,O,UNK,UNK
G,B,eng,B-Drug,UNK,UNK
n,M,eng,I-Drug,UNK,UNK
R,M,eng,I-Drug,UNK,UNK
H,E,eng,I-Drug,UNK,UNK
),S,x,O,UNK,UNK
泵,S,zg,O,水,bèng
治,B,v,O,氵,zhì
疗,E,v,O,疒,liáo
特,B,n,B-Disease,牜,tè
发,M,n,I-Disease,又,fā
性,E,n,I-Disease,忄,xìng
低,S,a,I-Disease,亻,dī
促,B,l,I-Disease,亻,cù
性,M,l,I-Disease,忄,xìng
腺,M,l,I-Disease,月,xiàn
激,E,l,I-Disease,氵,jī
素,B,n,I-Disease,糸,sù
性,E,n,I-Disease,忄,xìng
性,B,n,I-Disease,忄,xìng
腺,E,n,I-Disease,月,xiàn
LB,S,x,I-Disease,UNK,UNK
机,B,i,I-Disease,木,jī
能,M,i,I-Disease,月,néng
减,M,i,I-Disease,冫,jiǎn
退,E,i,I-Disease,辶,tuì
症,S,zg,I-Disease,疒,zhèng
(,S,x,O,UNK,UNK
I,B,eng,B-Disease,UNK,UNK
H,M,eng,I-Disease,UNK,UNK
H,E,eng,I-Disease,UNK,UNK
),S,x,O,UNK,UNK
男,B,n,O,田,nán
性,E,n,O,忄,xìng
患,B,n,O,心,huàn
者,E,n,O,耂,zhě
的,S,uj,O,白,dí
生,B,n,O,生,shēng
精,E,n,O,米,jīng
和,S,c,O,口,hé
配,B,v,O,酉,pèi
偶,E,v,O,亻,ǒu
妊,B,v,O,女,rèn
娠,E,v,O,女,shēn
情,B,n,O,忄,qíng
况,E,n,O,冫,kuàng
",",S,x,O,UNK,UNK
sep,sep,sep,sep,sep,sep
LB,S,x,O,UNK,UNK
指,B,v,O,扌,zhǐ
出,E,v,O,凵,chū
SPACE,S,x,O,UNK,UNK
I,B,eng,B-Disease,UNK,UNK
H,M,eng,I-Disease,UNK,UNK
H,E,eng,I-Disease,UNK,UNK
SPACE,S,x,O,UNK,UNK
男,B,n,O,田,nán
性,E,n,O,忄,xìng
患,B,n,O,心,huàn
者,E,n,O,耂,zhě
促,B,v,O,亻,cù
生,E,v,O,生,shēng
精,S,n,O,米,jīng
成,B,a,O,戈,chéng
功,E,a,O,力,gōng
后,S,f,O,口,hòu
",",S,x,O,UNK,UNK
sep,sep,sep,sep,sep,sep
配,B,v,O,酉,pèi
偶,E,v,O,亻,ǒu
妊,B,v,O,女,rèn
娠,E,v,O,女,shēn
率,S,v,O,玄,shuài
达,B,v,O,辶,dá
到,E,v,O,刂,dào
LB,S,x,O,UNK,UNK
NUM,B,m,O,UNK,UNK
NUM,E,m,O,UNK,UNK
%,S,x,O,UNK,UNK
SPACE,S,x,O,UNK,UNK
",",S,x,O,UNK,UNK
sep,sep,sep,sep,sep,sep
但,S,c,O,亻,dàn
也,S,d,O,乙,yě
存,B,v,O,子,cún
在,E,v,O,土,zài
流,B,vn,O,氵,liú
产,E,vn,O,亠,chǎn
率,B,d,O,玄,shuài
较,E,d,O,车,jiào
高,S,a,O,高,gāo
的,S,uj,O,白,dí
问,B,n,O,门,wèn
题,E,n,O,页,tí
;,S,x,O,UNK,UNK
sep,sep,sep,sep,sep,sep
同,B,c,O,口,tóng
时,E,c,O,日,shí
还,S,d,O,辶,huán
提,B,v,O,扌,tí
到,E,v,O,刂,dào
",",S,x,O,UNK,UNK
早,B,t,O,日,zǎo
期,E,t,O,月,qī
LB,S,x,O,UNK,UNK
的,S,uj,O,白,dí
雄,B,n,B-Drug,隹,xióng
激,M,n,I-Drug,氵,jī
素,E,n,I-Drug,糸,sù
治,B,v,O,氵,zhì
疗,E,v,O,疒,liáo
并,S,c,O,干,bìng
不,S,d,O,一,bù
影,B,vn,O,彡,yǐng
响,E,vn,O,口,xiǎng
以,B,f,O,人,yǐ
后,E,f,O,口,hòu
的,S,uj,O,白,dí
生,B,n,O,生,shēng
精,E,n,O,米,jīng
治,B,v,O,氵,zhì
疗,E,v,O,疒,liáo
。,S,x,O,UNK,UNK
sep,sep,sep,sep,sep,sep
LB,S,x,O,UNK,UNK
四,S,m,O,囗,sì
、,S,x,O,UNK,UNK
SPACE,S,x,O,UNK,UNK
性,B,n,B-Disease,忄,xìng
腺,E,n,I-Disease,月,xiàn
功,B,n,I-Disease,力,gōng
能,E,n,I-Disease,月,néng
减,B,v,I-Disease,冫,jiǎn
退,E,v,I-Disease,辶,tuì
的,S,uj,O,白,dí
治,B,v,O,氵,zhì
疗,E,v,O,疒,liáo
研,B,n,O,石,yán
究,M,n,O,穴,jiū
进,M,n,O,辶,jìn
展,E,n,O,尸,zhǎn
sep,sep,sep,sep,sep,sep
LB,S,x,O,UNK,UNK
解,B,nt,O,角,jiě
放,M,nt,O,攵,fàng
军,M,nt,O,冖,jūn
总,M,nt,O,心,zǒng
医,M,nt,O,匚,yī
院,E,nt,O,阝,yuàn
内,B,n,O,冂,nèi
分,M,n,O,刀,fēn
泌,M,n,O,氵,mì
科,E,n,O,禾,kē
窦,B,nr,O,穴,dòu
京,M,nr,O,亠,jīng
涛,E,nr,O,氵,tāo
教,B,n,O,攵,jiào
授,E,n,O,扌,shòu
讲,B,v,O,讠,jiǎng
解,E,v,O,角,jiě
了,S,ul,O,乙,liǎo
导,B,v,O,寸,dǎo
致,E,v,O,至,zhì
男,S,n,B-Disease,田,nán
sep,sep,sep,sep,sep,sep
LB,S,x,I-Disease,UNK,UNK
性,S,n,I-Disease,忄,xìng
发,B,l,I-Disease,又,fā
育,M,l,I-Disease,月,yù
不,M,l,I-Disease,一,bù
良,E,l,I-Disease,艮,liáng
的,S,uj,O,白,dí
两,B,m,O,一,liǎng
大,M,m,O,大,dà
类,E,m,O,米,lèi
疾,B,n,O,疒,jí
病,E,n,O,疒,bìng
(,S,x,O,UNK,UNK
高,S,a,B-Disease,高,gāo
促,B,l,I-Disease,亻,cù
性,M,l,I-Disease,忄,xìng
腺,M,l,I-Disease,月,xiàn
激,E,l,I-Disease,氵,jī
素,B,n,I-Disease,糸,sù
性,E,n,I-Disease,忄,xìng
和,S,c,O,口,hé
低,B,a,B-Disease,亻,dī
促,E,a,I-Disease,亻,cù
性,S,n,I-Disease,忄,xìng
sep,sep,sep,sep,sep,sep
LB,S,x,I-Disease,UNK,UNK
腺,S,n,I-Disease,月,xiàn
激,B,n,I-Disease,氵,jī
素,E,n,I-Disease,糸,sù
性,S,n,I-Disease,忄,xìng
性,B,n,I-Disease,忄,xìng
腺,E,n,I-Disease,月,xiàn
功,B,n,I-Disease,力,gōng
能,E,n,I-Disease,月,néng
减,B,v,I-Disease,冫,jiǎn
退,E,v,I-Disease,辶,tuì
),S,x,O,UNK,UNK
的,S,uj,O,白,dí
常,B,nr,O,巾,cháng
见,M,nr,O,见,jiàn
病,E,nr,O,疒,bìng
因,S,p,O,囗,yīn
、,S,x,O,UNK,UNK
临,B,i,O,丨,lín
床,M,i,O,广,chuáng
表,M,i,O,衣,biǎo
现,E,i,O,见,xiàn
;,S,x,O,UNK,UNK
sep,sep,sep,sep,sep,sep
解,B,v,O,角,jiě
释,E,v,O,采,shì
LB,S,x,O,UNK,UNK
了,S,ul,O,乙,liǎo
这,S,r,O,辶,zhè
两,B,m,O,一,liǎng
种,E,m,O,禾,zhǒng
疾,B,n,O,疒,jí
病,E,n,O,疒,bìng
的,S,uj,O,白,dí
规,B,n,O,见,guī
范,M,n,O,艹,fàn
化,E,n,O,亻,huà
治,B,v,O,氵,zhì
疗,E,v,O,疒,liáo
",",S,x,O,UNK,UNK
sep,sep,sep,sep,sep,sep
包,B,v,O,勹,bāo
括,E,v,O,扌,kuò
应,B,v,O,广,yīng
用,E,v,O,用,yòng
雄,B,n,B-Drug,隹,xióng
激,M,n,I-Drug,氵,jī
素,E,n,I-Drug,糸,sù
替,B,n,O,曰,tì
代,E,n,O,亻,dài
、,S,x,O,UNK,UNK
LB,S,x,O,UNK,UNK
h,B,eng,B-Drug,UNK,UNK
C,M,eng,I-Drug,UNK,UNK
G,E,eng,I-Drug,UNK,UNK
SPACE,S,x,O,UNK,UNK
/,S,x,O,UNK,UNK
SPACE,S,x,O,UNK,UNK
h,B,eng,B-Drug,UNK,UNK
M,M,eng,I-Drug,UNK,UNK
G,E,eng,I-Drug,UNK,UNK
SPACE,S,x,O,UNK,UNK
以,B,c,O,人,yǐ
及,E,c,O,又,jí
SPACE,S,x,O,UNK,UNK
G,B,eng,B-Drug,UNK,UNK
n,M,eng,I-Drug,UNK,UNK
R,M,eng,I-Drug,UNK,UNK
H,E,eng,I-Drug,UNK,UNK
SPACE,S,x,O,UNK,UNK
泵,S,zg,O,水,bèng
治,B,v,O,氵,zhì
疗,E,v,O,疒,liáo
的,S,uj,O,白,dí
时,B,n,O,日,shí
机,E,n,O,木,jī
及,S,c,O,又,jí
注,B,n,O,氵,zhù
意,M,n,O,心,yì
事,M,n,O,亅,shì
项,E,n,O,页,xiàng
;,S,x,O,UNK,UNK
sep,sep,sep,sep,sep,sep
重,B,n,O,里,zhòng
点,E,n,O,灬,diǎn
LB,S,x,O,UNK,UNK
重,B,v,O,里,zhòng
申,E,v,O,田,shēn
了,S,ul,O,乙,liǎo
对,S,p,O,寸,duì
这,B,r,O,辶,zhè
类,E,r,O,米,lèi
疾,B,n,O,疒,jí
病,E,n,O,疒,bìng
的,S,uj,O,白,dí
灵,B,a,O,火,líng
活,E,a,O,氵,huó
治,B,v,O,氵,zhì
疗,E,v,O,疒,liáo
原,B,n,O,厂,yuán
则,E,n,O,刂,zé
:,S,x,O,UNK,UNK
即,S,v,O,卩,jí
补,B,v,O,衤,bǔ
充,E,v,O,亠,chōng
替,B,n,O,曰,tì
代,E,n,O,亻,dài
保,B,v,O,亻,bǎo
证,E,v,O,讠,zhèng
LB,S,x,O,UNK,UNK
生,B,vn,O,生,shēng
活,E,vn,O,氵,huó
质,B,n,O,贝,zhì
量,E,n,O,里,liáng
、,S,x,O,UNK,UNK
模,B,v,O,木,mó
拟,E,v,O,扌,nǐ
生,B,n,O,生,shēng
理,M,n,O,王,lǐ
性,E,n,O,忄,xìng
分,B,v,O,刀,fēn
泌,E,v,O,氵,mì
模,B,n,O,木,mó
式,E,n,O,弋,shì
和,S,c,O,口,hé
按,S,p,O,扌,àn
需,S,v,O,雨,xū
按,B,d,O,扌,àn
时,E,d,O,日,shí
按,S,p,O,扌,àn
量,S,n,O,里,liáng
补,B,v,O,衤,bǔ
充,E,v,O,亠,chōng
;,S,x,O,UNK,UNK
sep,sep,sep,sep,sep,sep
LB,S,x,O,UNK,UNK
特,B,n,O,牜,tè
别,M,n,O,刂,bié
强,M,n,O,弓,qiáng
调,E,n,O,讠,tiáo
避,B,v,O,辶,bì
免,E,v,O,刀,miǎn
高,S,a,B-Disease,高,gāo
促,B,l,I-Disease,亻,cù
性,M,l,I-Disease,忄,xìng
腺,M,l,I-Disease,月,xiàn
激,E,l,I-Disease,氵,jī
素,S,n,I-Disease,糸,sù
血,B,n,I-Disease,血,xiě
症,E,n,I-Disease,疒,zhèng
患,B,n,O,心,huàn
者,E,n,O,耂,zhě
盲,B,n,O,目,máng
目,E,n,O,目,mù
应,B,v,O,广,yīng
用,E,v,O,用,yòng
SPACE,S,x,O,UNK,UNK
h,B,eng,O,UNK,UNK
C,M,eng,O,UNK,UNK
G,E,eng,O,UNK,UNK
SPACE,S,x,O,UNK,UNK
/,S,x,O,UNK,UNK
LB,S,x,O,UNK,UNK
h,B,eng,B-Drug,UNK,UNK
M,M,eng,I-Drug,UNK,UNK
G,E,eng,I-Drug,UNK,UNK
SPACE,S,x,O,UNK,UNK
的,S,uj,O,白,dí
治,B,v,O,氵,zhì
疗,E,v,O,疒,liáo
误,B,n,O,讠,wù
区,E,n,O,匚,qū
。,S,x,O,UNK,UNK
sep,sep,sep,sep,sep,sep
SPACE,S,x,O,UNK,UNK
上,B,ns,O,一,shàng
海,E,ns,O,氵,hǎi
瑞,B,nt,O,王,ruì
金,M,nt,O,金,jīn
医,M,nt,O,匚,yī
院,E,nt,O,阝,yuàn
内,B,n,O,冂,nèi
分,M,n,O,刀,fēn
泌,M,n,O,氵,mì
科,E,n,O,禾,kē
孙,B,nr,O,子,sūn
首,M,nr,O,首,shǒu
悦,E,nr,O,忄,yuè
教,S,n,O,攵,jiào
LB,S,x,O,UNK,UNK
授,S,vg,O,扌,shòu
介,B,v,O,人,jiè
绍,E,v,O,纟,shào
了,S,ul,O,乙,liǎo
由,S,p,O,田,yóu
该,S,r,O,讠,gāi
单,B,n,O,十,dān
位,E,n,O,亻,wèi
牵,B,v,O,牛,qiān
头,E,v,O,大,tóu
的,S,uj,O,白,dí
采,B,v,O,采,cǎi
用,E,v,O,用,yòng
SPACE,S,x,O,UNK,UNK
G,B,eng,B-Treatment,UNK,UNK
n,M,eng,I-Treatment,UNK,UNK
R,M,eng,I-Treatment,UNK,UNK
H,E,eng,I-Treatment,UNK,UNK
SPACE,S,x,I-Treatment,UNK,UNK
泵,S,zg,I-Treatment,水,bèng
治,B,v,O,氵,zhì
疗,E,v,O,疒,liáo
SPACE,S,x,O,UNK,UNK
I,B,eng,B-Disease,UNK,UNK
H,M,eng,I-Disease,UNK,UNK
H,E,eng,I-Disease,UNK,UNK
SPACE,S,x,O,UNK,UNK
的,S,uj,O,白,dí
LB,S,x,O,UNK,UNK
全,B,n,O,入,quán
国,E,n,O,囗,guó
多,S,m,O,夕,duō
中,B,n,O,丨,zhōng
心,E,n,O,心,xīn
前,B,n,O,刂,qián
瞻,M,n,O,目,zhān
性,E,n,O,忄,xìng
研,B,vn,O,石,yán
究,E,vn,O,穴,jiū
。,S,x,O,UNK,UNK
sep,sep,sep,sep,sep,sep
SPACE,S,x,O,UNK,UNK
在,S,p,O,土,zài
目,B,t,O,目,mù
前,E,t,O,刂,qián
完,B,v,O,宀,wán
成,E,v,O,戈,chéng
的,S,uj,O,白,dí
连,B,a,O,辶,lián
续,E,a,O,纟,xù
SPACE,S,x,O,UNK,UNK
NUM,S,x,O,UNK,UNK
SPACE,S,x,O,UNK,UNK
年,S,m,O,干,nián
的,S,uj,O,白,dí
研,S,vn,O,石,yán
LB,S,x,O,UNK,UNK
究,B,d,O,穴,jiū
中,E,d,O,丨,zhōng
",",S,x,O,UNK,UNK
sep,sep,sep,sep,sep,sep
阶,B,n,O,阝,jiē
段,M,n,O,殳,duàn
性,E,n,O,忄,xìng
观,B,v,O,见,guān
察,E,v,O,宀,chá
到,S,v,O,刂,dào
SPACE,S,x,O,UNK,UNK
I,B,eng,B-Disease,UNK,UNK
H,M,eng,I-Disease,UNK,UNK
H,E,eng,I-Disease,UNK,UNK
SPACE,S,x,O,UNK,UNK
治,B,v,O,氵,zhì
疗,E,v,O,疒,liáo
后,S,f,O,口,hòu
能,B,v,O,月,néng
够,E,v,O,夕,gòu
使,S,v,O,亻,shǐ
SPACE,S,x,O,UNK,UNK
L,B,eng,B-Test,UNK,UNK
H,E,eng,I-Test,UNK,UNK
、,S,x,O,UNK,UNK
F,B,eng,B-Test,UNK,UNK
S,M,eng,I-Test,UNK,UNK
H,E,eng,I-Test,UNK,UNK
、,S,x,O,UNK,UNK
睾,B,n,B-Test,目,gāo
酮,E,n,I-Test,酉,tóng
LB,S,x,O,UNK,UNK
水,B,n,O,水,shuǐ
平,E,n,O,干,píng
渐,B,n,O,氵,jiàn
进,M,n,O,辶,jìn
性,E,n,O,忄,xìng
升,B,v,O,十,shēng
高,E,v,O,高,gāo
。,S,x,O,UNK,UNK
sep,sep,sep,sep,sep,sep
SPACE,S,x,O,UNK,UNK
治,B,v,O,氵,zhì
疗,E,v,O,疒,liáo
SPACE,S,x,O,UNK,UNK
NUM,S,x,B-Duration,UNK,UNK
SPACE,S,x,I-Duration,UNK,UNK
年,S,m,I-Duration,干,nián
后,S,f,O,口,hòu
",",S,x,O,UNK,UNK
NUM,B,m,O,UNK,UNK
NUM,M,m,O,UNK,UNK
NUM,E,m,O,UNK,UNK
%,S,x,O,UNK,UNK
SPACE,S,x,O,UNK,UNK
有,S,v,O,月,yǒu
精,B,n,B-Anatomy,米,jīng
子,E,n,I-Anatomy,子,zǐ
生,B,v,O,生,shēng
成,E,v,O,戈,chéng
",",S,x,O,UNK,UNK
sep,sep,sep,sep,sep,sep
精,S,n,B-Test,米,jīng
LB,S,x,I-Test,UNK,UNK
子,S,ng,I-Test,子,zǐ
密,B,n,I-Test,宀,mì
度,E,n,I-Test,广,dù
超,B,v,O,走,chāo
过,E,v,O,辶,guò
SPACE,S,x,O,UNK,UNK
NUM,B,m,B-Test_Value,UNK,UNK
NUM,E,m,I-Test_Value,UNK,UNK
×,S,x,I-Test_Value,UNK,UNK
NUM,B,m,I-Test_Value,UNK,UNK
NUM,M,m,I-Test_Value,UNK,UNK
NUM,E,m,I-Test_Value,UNK,UNK
SPACE,S,x,I-Test_Value,UNK,UNK
/,S,x,I-Test_Value,UNK,UNK
SPACE,S,x,I-Test_Value,UNK,UNK
m,B,eng,I-Test_Value,UNK,UNK
l,E,eng,I-Test_Value,UNK,UNK
SPACE,S,x,O,UNK,UNK
者,S,k,O,耂,zhě
占,S,v,O,卜,zhān
SPACE,S,x,O,UNK,UNK
NUM,B,m,O,UNK,UNK
NUM,M,m,O,UNK,UNK
.,E,m,O,UNK,UNK
SPACE,S,x,O,UNK,UNK
NUM,S,x,O,UNK,UNK
%,S,x,O,UNK,UNK
SPACE,S,x,O,UNK,UNK
",",S,x,O,UNK,UNK
sep,sep,sep,sep,sep,sep
有,S,v,O,月,yǒu
SPACE,S,x,O,UNK,UNK
NUM,S,x,O,UNK,UNK
SPACE,S,x,O,UNK,UNK
例,S,v,O,亻,lì
患,B,n,O,心,huàn
者,E,n,O,耂,zhě
的,S,uj,O,白,dí
配,S,vn,O,酉,pèi
LB,S,x,O,UNK,UNK
偶,S,d,O,亻,ǒu
自,B,d,O,自,zì
然,E,d,O,灬,rán
受,B,v,O,又,shòu
孕,E,v,O,子,yùn
",",S,x,O,UNK,UNK
sep,sep,sep,sep,sep,sep
NUM,S,x,O,UNK,UNK
SPACE,S,x,O,UNK,UNK
例,B,v,O,亻,lì
足,E,v,O,足,zú
月,S,m,O,月,yuè
顺,B,n,O,页,shùn
产,E,n,O,亠,chǎn
健,B,a,O,亻,jiàn
康,E,a,O,广,kāng
活,B,n,O,氵,huó
婴,E,n,O,女,yīng
。,S,x,O,UNK,UNK
sep,sep,sep,sep,sep,sep
SPACE,S,x,O,UNK,UNK
女,B,n,O,女,nǚ
性,E,n,O,忄,xìng
患,B,n,O,心,huàn
者,E,n,O,耂,zhě
SPACE,S,x,O,UNK,UNK
NUM,S,x,B-Duration,UNK,UNK
SPACE,S,x,I-Duration,UNK,UNK
个,S,q,I-Duration,人,gè
LB,S,x,I-Duration,UNK,UNK
月,S,m,I-Duration,月,yuè
内,S,f,I-Duration,冂,nèi
初,B,n,O,刀,chū
潮,E,n,O,氵,cháo
",",S,x,O,UNK,UNK
sep,sep,sep,sep,sep,sep
有,S,v,O,月,yǒu
排,B,v,B-Symptom,扌,pái
卵,E,v,I-Symptom,卩,luǎn
和,S,c,O,口,hé
黄,B,n,B-Symptom,黄,huáng
体,E,n,I-Symptom,亻,tǐ
生,B,v,I-Symptom,生,shēng
成,E,v,I-Symptom,戈,chéng
",",S,x,O,UNK,UNK
sep,sep,sep,sep,sep,sep
月,B,n,B-Symptom,月,yuè
经,M,n,I-Symptom,纟,jīng
周,M,n,I-Symptom,口,zhōu
期,E,n,I-Symptom,月,qī
规,B,n,I-Symptom,见,guī
律,E,n,I-Symptom,彳,lǜ
",",S,x,O,UNK,UNK
sep,sep,sep,sep,sep,sep
NUM,S,x,O,UNK,UNK
SPACE,S,x,O,UNK,UNK
例,B,n,O,亻,lì
患,E,n,O,心,huàn
LB,S,x,O,UNK,UNK
者,S,k,O,耂,zhě
自,B,d,O,自,zì
然,E,d,O,灬,rán
受,B,v,O,又,shòu
孕,E,v,O,子,yùn
",",S,x,O,UNK,UNK
sep,sep,sep,sep,sep,sep
NUM,S,x,O,UNK,UNK
SPACE,S,x,O,UNK,UNK
例,S,v,O,亻,lì
顺,B,ad,O,页,shùn
利,E,ad,O,刂,lì
分,B,v,O,刀,fēn
娩,E,v,O,女,miǎn
。,S,x,O,UNK,UNK
SPACE,S,x,O,UNK,UNK
该,S,r,O,讠,gāi
研,B,vn,O,石,yán
究,E,vn,O,穴,jiū
可,B,c,O,口,kě
以,E,c,O,人,yǐ
称,B,v,O,禾,chēng
为,E,v,O,丶,wéi
国,B,s,O,囗,guó
内,E,s,O,冂,nèi
性,S,n,B-Anatomy,忄,xìng
LB,S,x,I-Anatomy,UNK,UNK
腺,S,n,I-Anatomy,月,xiàn
研,B,vn,O,石,yán
究,E,vn,O,穴,jiū
领,B,n,O,页,lǐng
域,E,n,O,土,yù
的,S,uj,O,白,dí
里,B,b,O,里,lǐ
程,M,b,O,禾,chéng
碑,M,b,O,石,bēi
式,E,b,O,弋,shì
研,B,vn,O,石,yán
究,E,vn,O,穴,jiū
",",S,x,O,UNK,UNK
sep,sep,sep,sep,sep,sep
为,S,p,O,丶,wéi
推,B,v,O,扌,tuī
进,E,v,O,辶,jìn
国,B,s,O,囗,guó
内,E,s,O,冂,nèi
采,B,v,O,采,cǎi
用,E,v,O,用,yòng
SPACE,S,x,O,UNK,UNK
G,B,eng,B-Treatment,UNK,UNK
n,M,eng,I-Treatment,UNK,UNK
R,M,eng,I-Treatment,UNK,UNK
H,E,eng,I-Treatment,UNK,UNK
LB,S,x,I-Treatment,UNK,UNK
泵,S,zg,I-Treatment,水,bèng
治,B,v,O,氵,zhì
疗,E,v,O,疒,liáo
SPACE,S,x,O,UNK,UNK
I,B,eng,B-Disease,UNK,UNK
H,M,eng,I-Disease,UNK,UNK
H,E,eng,I-Disease,UNK,UNK
SPACE,S,x,O,UNK,UNK
提,B,v,O,扌,tí
供,E,v,O,亻,gōng
了,S,ul,O,乙,liǎo
详,B,ad,O,讠,xiáng
实,E,ad,O,宀,shí
的,S,uj,O,白,dí
依,B,p,O,亻,yī
据,E,p,O,扌,jù
。,S,x,O,UNK,UNK
sep,sep,sep,sep,sep,sep
SPACE,S,x,O,UNK,UNK
随,B,p,O,阝,suí
着,E,p,O,目,zhuó
糖,B,n,B-Disease,米,táng
尿,M,n,I-Disease,尸,niào
病,E,n,I-Disease,疒,bìng
病,B,n,O,疒,bìng
程,E,n,O,禾,chéng
进,S,v,O,辶,jìn
LB,S,x,O,UNK,UNK
展,S,v,O,尸,zhǎn
",",S,x,O,UNK,UNK
sep,sep,sep,sep,sep,sep
男,B,n,B-Disease,田,nán
性,E,n,I-Disease,忄,xìng
勃,B,v,I-Disease,力,bó
起,E,v,I-Disease,走,qǐ
功,B,n,I-Disease,力,gōng
能,M,n,I-Disease,月,néng
障,M,n,I-Disease,阝,zhàng
碍,E,n,I-Disease,石,ài
(,S,x,O,UNK,UNK
E,B,eng,B-Disease,UNK,UNK
D,E,eng,I-Disease,UNK,UNK
),S,x,O,UNK,UNK
的,S,uj,O,白,dí
患,B,n,O,心,huàn
病,M,n,O,疒,bìng
率,E,n,O,玄,shuài
不,B,d,O,一,bù
断,E,d,O,斤,duàn
增,B,v,O,土,zēng
加,E,v,O,力,jiā
。,S,x,O,UNK,UNK
sep,sep,sep,sep,sep,sep
SPACE,S,x,O,UNK,UNK
及,B,d,O,又,jí
早,E,d,O,日,zǎo
LB,S,x,O,UNK,UNK
诊,B,v,O,讠,zhěn
断,E,v,O,斤,duàn
糖,B,n,B-Disease,米,táng
尿,M,n,I-Disease,尸,niào
病,E,n,I-Disease,疒,bìng
患,B,n,O,心,huàn
者,E,n,O,耂,zhě
的,S,uj,O,白,dí
SPACE,S,x,O,UNK,UNK
E,B,eng,B-Disease,UNK,UNK
D,E,eng,I-Disease,UNK,UNK
SPACE,S,x,O,UNK,UNK
并,S,c,O,干,bìng
正,B,ad,O,止,zhèng
确,E,ad,O,石,què
施,B,v,O,方,shī
治,E,v,O,氵,zhì
",",S,x,O,UNK,UNK
sep,sep,sep,sep,sep,sep
能,B,v,O,月,néng
够,E,v,O,夕,gòu
显,B,a,O,日,xiǎn
著,E,a,O,艹,zhù
改,B,v,O,攵,gǎi
善,E,v,O,口,shàn
男,S,n,O,田,nán
LB,S,x,O,UNK,UNK
性,S,n,O,忄,xìng
糖,B,n,B-Disease,米,táng
尿,M,n,I-Disease,尸,niào
病,E,n,I-Disease,疒,bìng
患,B,n,O,心,huàn
者,E,n,O,耂,zhě
这,S,r,O,辶,zhè
一,S,m,O,一,yī
庞,B,a,O,广,páng
大,E,a,O,大,dà
人,B,n,O,人,rén
群,E,n,O,羊,qún
的,S,uj,O,白,dí
生,B,vn,O,生,shēng
活,E,vn,O,氵,huó
质,B,n,O,贝,zhì
量,E,n,O,里,liáng
。,S,x,O,UNK,UNK
sep,sep,sep,sep,sep,sep
SPACE,S,x,O,UNK,UNK
广,B,nt,O,广,guǎng
州,M,nt,O,川,zhōu
军,M,nt,O,冖,jūn
区,E,nt,O,匚,qū
武,S,n,O,止,wǔ
LB,S,x,O,UNK,UNK
汉,S,j,O,氵,hàn
总,B,n,O,心,zǒng
医,M,n,O,匚,yī
院,E,n,O,阝,yuàn
内,B,n,O,冂,nèi
分,M,n,O,刀,fēn
泌,M,n,O,氵,mì
科,E,n,O,禾,kē
的,S,uj,O,白,dí
向,S,p,O,口,xiàng
光,B,j,O,儿,guāng
大,E,j,O,大,dà
教,B,n,O,攵,jiào
授,E,n,O,扌,shòu
讲,B,v,O,讠,jiǎng
解,E,v,O,角,jiě
了,S,ul,O,乙,liǎo
糖,B,n,B-Disease,米,táng
尿,M,n,I-Disease,尸,niào
病,E,n,I-Disease,疒,bìng
导,B,v,O,寸,dǎo
致,E,v,O,至,zhì
LB,S,x,O,UNK,UNK
E,B,eng,B-Disease,UNK,UNK
D,E,eng,I-Disease,UNK,UNK
SPACE,S,x,O,UNK,UNK
发,B,v,O,又,fā
生,E,v,O,生,shēng
的,S,uj,O,白,dí
机,B,n,O,木,jī
制,E,n,O,刂,zhì
、,S,x,O,UNK,UNK
临,B,i,O,丨,lín
床,M,i,O,广,chuáng
表,M,i,O,衣,biǎo
现,E,i,O,见,xiàn
和,S,c,O,口,hé
治,B,v,O,氵,zhì
疗,E,v,O,疒,liáo
措,B,n,O,扌,cuò
施,E,n,O,方,shī
",",S,x,O,UNK,UNK
sep,sep,sep,sep,sep,sep
总,B,n,O,心,zǒng
结,E,n,O,纟,jié
了,S,ul,O,乙,liǎo
目,B,t,O,目,mù
前,E,t,O,刂,qián
常,S,d,O,巾,cháng
LB,S,x,O,UNK,UNK
用,S,p,O,用,yòng
的,S,uj,O,白,dí
三,B,m,O,一,sān
线,E,m,O,纟,xiàn
治,B,v,O,氵,zhì
疗,E,v,O,疒,liáo
策,B,n,O,竹,cè
略,E,n,O,田,lüè
",",S,x,O,UNK,UNK
sep,sep,sep,sep,sep,sep
即,S,v,O,卩,jí
轻,B,d,B-Level,车,qīng
度,E,d,I-Level,广,dù
SPACE,S,x,O,UNK,UNK
E,B,eng,B-Disease,UNK,UNK
D,E,eng,I-Disease,UNK,UNK
SPACE,S,x,O,UNK,UNK
采,B,v,O,采,cǎi
用,E,v,O,用,yòng
口,B,n,B-Method,口,kǒu
服,M,n,I-Method,月,fú
药,M,n,O,艹,yào
物,E,n,O,牜,wù
(,S,x,O,UNK,UNK
西,B,s,B-Drug,覀,xī
地,E,s,I-Drug,土,dì
那,S,r,I-Drug,阝,nà
LB,S,x,I-Drug,UNK,UNK
非,B,b,I-Drug,非,fēi
等,E,b,O,竹,děng
),S,x,O,UNK,UNK
治,B,v,O,氵,zhì
疗,E,v,O,疒,liáo
、,S,x,O,UNK,UNK
中,B,ns,B-Level,丨,zhōng
度,E,ns,I-Level,广,dù
SPACE,S,x,O,UNK,UNK
E,B,eng,B-Disease,UNK,UNK
D,E,eng,I-Disease,UNK,UNK
SPACE,S,x,O,UNK,UNK
采,B,v,O,采,cǎi
用,E,v,O,用,yòng
侵,B,v,B-Treatment,亻,qīn
袭,E,v,I-Treatment,衣,xí
性,S,n,I-Treatment,忄,xìng
方,B,n,I-Treatment,方,fāng
案,E,n,I-Treatment,木,àn
(,S,x,O,UNK,UNK
尿,B,n,B-Method,尸,niào
道,E,n,I-Method,辶,dào
内,S,n,I-Method,冂,nèi
注,B,v,I-Method,氵,zhù
射,E,v,I-Method,寸,shè
前,S,f,B-Drug,刂,qián
LB,S,x,I-Drug,UNK,UNK
列,B,nr,I-Drug,刂,liè
地,M,nr,I-Drug,土,dì
尔,E,nr,I-Drug,小,ěr
等,S,u,O,竹,děng
),S,x,O,UNK,UNK
和,S,c,O,口,hé
重,B,n,B-Level,里,zhòng
度,E,n,I-Level,广,dù
SPACE,S,x,O,UNK,UNK
E,B,eng,B-Disease,UNK,UNK
D,E,eng,I-Disease,UNK,UNK
SPACE,S,x,O,UNK,UNK
采,B,v,O,采,cǎi
用,E,v,O,用,yòng
阴,B,n,B-Operation,阝,yīn
茎,E,n,I-Operation,艹,jīng
假,B,n,I-Operation,亻,jiǎ
体,E,n,I-Operation,亻,tǐ
植,B,n,I-Operation,木,zhí
入,E,n,I-Operation,入,rù
或,B,c,O,戈,huò
者,E,c,O,耂,zhě
静,B,n,B-Operation,青,jìng
脉,E,n,I-Operation,月,mài
手,S,n,I-Operation,手,shǒu
LB,S,x,I-Operation,UNK,UNK
术,S,ng,I-Operation,木,shù
等,S,u,O,竹,děng
。,S,x,O,UNK,UNK
sep,sep,sep,sep,sep,sep
LB,S,x,O,UNK,UNK
五,S,m,O,二,wǔ
、,S,x,O,UNK,UNK
SPACE,S,x,O,UNK,UNK
NUM,B,m,B-Disease,UNK,UNK
NUM,E,m,I-Disease,UNK,UNK
α,S,x,I-Disease,UNK,UNK
-,S,x,I-Disease,UNK,UNK
羟,B,nz,I-Disease,羊,qiǎng
化,M,nz,I-Disease,亻,huà
酶,E,nz,I-Disease,酉,méi
缺,B,n,I-Disease,缶,quē
乏,M,n,I-Disease,丿,fá
症,E,n,I-Disease,疒,zhèng
的,S,uj,O,白,dí
治,B,v,O,氵,zhì
疗,E,v,O,疒,liáo
策,B,n,O,竹,cè
略,E,n,O,田,lüè
sep,sep,sep,sep,sep,sep
LB,S,x,O,UNK,UNK
NUM,B,m,B-Disease,UNK,UNK
NUM,E,m,I-Disease,UNK,UNK
α,S,x,I-Disease,UNK,UNK
-,S,x,I-Disease,UNK,UNK
羟,B,nz,I-Disease,羊,qiǎng
化,M,nz,I-Disease,亻,huà
酶,E,nz,I-Disease,酉,méi
缺,B,n,I-Disease,缶,quē
乏,M,n,I-Disease,丿,fá
症,E,n,I-Disease,疒,zhèng
是,S,v,O,日,shì
先,B,n,B-Disease,儿,xiān
天,M,n,I-Disease,大,tiān
性,E,n,I-Disease,忄,xìng
肾,B,l,I-Disease,月,shèn
上,M,l,I-Disease,一,shàng
腺,E,l,I-Disease,月,xiàn
皮,B,n,I-Disease,皮,pí
质,E,n,I-Disease,贝,zhì
增,B,n,I-Disease,土,zēng
生,M,n,I-Disease,生,shēng
症,E,n,I-Disease,疒,zhèng
中,S,f,O,丨,zhōng
sep,sep,sep,sep,sep,sep
LB,S,x,O,UNK,UNK
最,B,d,O,曰,zuì
为,E,d,O,丶,wéi
常,B,a,O,巾,cháng
见,E,a,O,见,jiàn
、,S,x,O,UNK,UNK
表,B,v,O,衣,biǎo
现,E,v,O,见,xiàn
复,B,l,O,夂,fù
杂,M,l,O,木,zá
多,M,l,O,夕,duō
变,E,l,O,又,biàn
的,S,uj,O,白,dí
一,B,m,O,一,yī
种,E,m,O,禾,zhǒng
类,B,n,O,米,lèi
型,E,n,O,土,xíng
。,S,x,O,UNK,UNK
sep,sep,sep,sep,sep,sep
SPACE,S,x,O,UNK,UNK
荣,B,nr,O,艹,róng
获,E,nr,O,艹,huò
中,B,nz,O,丨,zhōng
华,E,nz,O,十,huá
内,S,n,O,冂,nèi
分,S,v,O,刀,fēn
LB,S,x,O,UNK,UNK
泌,S,nz,O,氵,mì
学,B,n,O,子,xué
会,E,n,O,人,huì
终,B,d,O,纟,zhōng
身,E,d,O,身,shēn
成,B,n,O,戈,chéng
就,M,n,O,尢,jiù
奖,E,n,O,大,jiǎng
、,S,x,O,UNK,UNK
北,B,nt,O,匕,běi
京,M,nt,O,亠,jīng
协,M,nt,O,十,xié
和,M,nt,O,口,hé
医,M,nt,O,匚,yī
院,E,nt,O,阝,yuàn
内,B,n,O,冂,nèi
分,M,n,O,刀,fēn
泌,M,n,O,氵,mì
科,E,n,O,禾,kē
的,S,uj,O,白,dí
陆,B,nr,O,阝,lù
召,M,nr,O,口,zhào
麟,E,nr,O,鹿,lín
LB,S,x,O,UNK,UNK
教,B,n,O,攵,jiào
授,E,n,O,扌,shòu
",",S,x,O,UNK,UNK
sep,sep,sep,sep,sep,sep
讲,B,v,O,讠,jiǎng
解,E,v,O,角,jiě
了,S,ul,O,乙,liǎo
SPACE,S,x,O,UNK,UNK
NUM,B,m,B-Disease,UNK,UNK
NUM,E,m,I-Disease,UNK,UNK
α,S,x,I-Disease,UNK,UNK
-,S,x,I-Disease,UNK,UNK
羟,B,nz,I-Disease,羊,qiǎng
化,M,nz,I-Disease,亻,huà
酶,E,nz,I-Disease,酉,méi
缺,B,n,I-Disease,缶,quē
乏,M,n,I-Disease,丿,fá
症,E,n,I-Disease,疒,zhèng
的,S,uj,O,白,dí
治,B,v,O,氵,zhì
疗,E,v,O,疒,liáo
策,B,n,O,竹,cè
略,E,n,O,田,lüè
。,S,x,O,UNK,UNK
sep,sep,sep,sep,sep,sep
SPACE,S,x,O,UNK,UNK
陆,S,nr,O,阝,lù
教,B,n,O,攵,jiào
授,E,n,O,扌,shòu
LB,S,x,O,UNK,UNK
指,B,v,O,扌,zhǐ
出,E,v,O,凵,chū
",",S,x,O,UNK,UNK
罹,B,v,O,罒,lí
患,E,v,O,心,huàn
该,B,r,O,讠,gāi
病,E,r,O,疒,bìng
的,S,uj,O,白,dí
患,B,n,O,心,huàn
者,E,n,O,耂,zhě
可,B,v,O,口,kě
能,E,v,O,月,néng
在,S,p,O,土,zài
新,B,t,O,斤,xīn
生,M,t,O,生,shēng
儿,M,t,O,儿,ér
期,E,t,O,月,qī
、,S,x,O,UNK,UNK
青,B,nr,O,青,qīng
少,M,nr,O,小,shǎo
年,E,nr,O,干,nián
期,S,n,O,月,qī
、,S,x,O,UNK,UNK
成,S,n,O,戈,chéng
LB,S,x,O,UNK,UNK
年,B,t,O,干,nián
后,E,t,O,口,hòu
等,S,u,O,竹,děng
不,B,a,O,一,bù
同,E,a,O,口,tóng
时,B,n,O,日,shí
期,E,n,O,月,qī
、,S,x,O,UNK,UNK
以,S,p,O,人,yǐ
不,B,a,O,一,bù
同,E,a,O,口,tóng
的,S,uj,O,白,dí
诉,B,v,O,讠,sù
求,E,v,O,水,qiú
就,B,v,O,尢,jiù
诊,E,v,O,讠,zhěn
",",S,x,O,UNK,UNK
sep,sep,sep,sep,sep,sep
比,B,v,O,比,bǐ
如,E,v,O,女,rú
出,B,v,O,凵,chū
生,E,v,O,生,shēng
后,S,f,O,口,hòu
反,B,v,O,又,fǎn
复,E,v,O,夂,fù
LB,S,x,O,UNK,UNK
昏,B,v,B-Symptom,日,hūn
迷,E,v,I-Symptom,辶,mí
、,S,x,O,UNK,UNK
青,B,t,B-Symptom,青,qīng
春,M,t,I-Symptom,日,chūn
期,E,t,I-Symptom,月,qī
女,B,n,I-Symptom,女,nǚ
性,E,n,I-Symptom,忄,xìng
男,B,n,I-Symptom,田,nán
性,M,n,I-Symptom,忄,xìng
化,E,n,I-Symptom,亻,huà
、,S,x,O,UNK,UNK
男,B,n,B-Symptom,田,nán
性,E,n,I-Symptom,忄,xìng
性,B,l,I-Symptom,忄,xìng
早,M,l,I-Symptom,日,zǎo
熟,E,l,I-Symptom,灬,shú
、,S,x,O,UNK,UNK
成,B,t,B-Symptom,戈,chéng
年,E,t,I-Symptom,干,nián
后,S,f,I-Symptom,口,hòu
女,B,n,I-Symptom,女,nǚ
性,E,n,I-Symptom,忄,xìng
多,S,m,I-Symptom,夕,duō
LB,S,x,I-Symptom,UNK,UNK
毛,S,nr,I-Symptom,毛,máo
、,S,x,O,UNK,UNK
月,B,n,B-Symptom,月,yuè
经,E,n,I-Symptom,纟,jīng
稀,B,v,I-Symptom,禾,xī
发,E,v,I-Symptom,又,fā
和,S,c,O,口,hé
不,B,v,B-Symptom,一,bù
孕,E,v,I-Symptom,子,yùn
等,S,u,O,竹,děng
。,S,x,O,UNK,UNK
sep,sep,sep,sep,sep,sep
SPACE,S,x,O,UNK,UNK
患,B,n,O,心,huàn
者,E,n,O,耂,zhě
在,S,p,O,土,zài
不,B,a,O,一,bù
同,E,a,O,口,tóng
的,S,uj,O,白,dí
时,B,n,O,日,shí
期,E,n,O,月,qī
",",S,x,O,UNK,UNK
sep,sep,sep,sep,sep,sep
治,B,v,O,氵,zhì
疗,E,v,O,疒,liáo
用,B,n,O,用,yòng
药,E,n,O,艹,yào
LB,S,x,O,UNK,UNK
的,S,uj,O,白,dí
选,B,v,O,辶,xuǎn
择,E,v,O,扌,zé
也,S,d,O,乙,yě
应,B,v,O,广,yīng
当,E,v,O,彐,dāng
个,B,n,O,人,gè
体,M,n,O,亻,tǐ
化,E,n,O,亻,huà
。,S,x,O,UNK,UNK
sep,sep,sep,sep,sep,sep
SPACE,S,x,O,UNK,UNK
比,B,v,O,比,bǐ
如,E,v,O,女,rú
婴,B,n,O,女,yīng
幼,M,n,O,幺,yòu
儿,E,n,O,儿,ér
、,S,x,O,UNK,UNK
青,B,nr,O,青,qīng
少,M,nr,O,小,shǎo
年,E,nr,O,干,nián
生,B,n,O,生,shēng
长,E,n,O,长,cháng
活,B,vn,O,氵,huó
动,E,vn,O,力,dòng
LB,S,x,O,UNK,UNK
期,S,n,O,月,qī
、,S,x,O,UNK,UNK
孕,B,t,O,子,yùn
期,E,t,O,月,qī
应,B,v,O,广,yīng
当,E,v,O,彐,dāng
应,B,v,O,广,yīng
用,E,v,O,用,yòng
氢,B,n,B-Drug,气,qīng
化,E,n,I-Drug,亻,huà
可,B,l,I-Drug,口,kě
的,M,l,I-Drug,白,dí
松,E,l,I-Drug,木,sōng
",",S,x,O,UNK,UNK
sep,sep,sep,sep,sep,sep
而,S,c,O,而,ér
其,B,r,O,八,qí
他,E,r,O,亻,tā
时,B,n,O,日,shí
期,E,n,O,月,qī
可,B,c,O,口,kě
以,E,c,O,人,yǐ
γ,S,x,O,UNK,UNK
情,B,n,O,忄,qíng
选,E,n,O,辶,xuǎn
LB,S,x,O,UNK,UNK
用,S,p,O,用,yòng
强,B,n,B-Drug,弓,qiáng
的,M,n,I-Drug,白,dí
松,E,n,I-Drug,木,sōng
、,S,x,O,UNK,UNK
强,B,nr,B-Drug,弓,qiáng
的,M,nr,I-Drug,白,dí
松,M,nr,I-Drug,木,sōng
龙,E,nr,I-Drug,龙,lóng
或,B,c,O,戈,huò
者,E,c,O,耂,zhě
地,B,nrt,B-Drug,土,dì
塞,M,nrt,I-Drug,土,sāi
米,M,nrt,I-Drug,米,mǐ
松,E,nrt,I-Drug,木,sōng
等,S,u,O,竹,děng
。,S,x,O,UNK,UNK
sep,sep,sep,sep,sep,sep
SPACE,S,x,O,UNK,UNK
及,B,d,O,又,jí
早,E,d,O,日,zǎo
的,S,uj,O,白,dí
激,B,n,B-Drug,氵,jī
素,E,n,I-Drug,糸,sù
补,S,v,O,衤,bǔ
LB,S,x,O,UNK,UNK
充,S,v,O,亠,chōng
替,B,n,O,曰,tì
代,E,n,O,亻,dài
治,B,v,O,氵,zhì
疗,E,v,O,疒,liáo
能,B,v,O,月,néng
够,E,v,O,夕,gòu
推,B,v,O,扌,tuī
迟,E,v,O,辶,chí
骨,S,ng,B-Symptom,骨,gǔ
骺,S,x,I-Symptom,骨,hóu
线,S,n,I-Symptom,纟,xiàn
早,S,a,I-Symptom,日,zǎo
闭,B,v,I-Symptom,门,bì
合,E,v,I-Symptom,口,hé
而,S,c,O,而,ér
提,B,v,O,扌,tí
高,E,v,O,高,gāo
终,B,d,O,纟,zhōng
身,E,d,B-Test,身,shēn
高,S,a,I-Test,高,gāo
。,S,x,O,UNK,UNK
sep,sep,sep,sep,sep,sep
SPACE,S,x,O,UNK,UNK
陆,S,nr,O,阝,lù
LB,S,x,O,UNK,UNK
教,B,n,O,攵,jiào
授,E,n,O,扌,shòu
特,B,n,O,牜,tè
别,M,n,O,刂,bié
强,M,n,O,弓,qiáng
调,E,n,O,讠,tiáo
",",S,x,O,UNK,UNK
sep,sep,sep,sep,sep,sep
治,B,v,O,氵,zhì
疗,E,v,O,疒,liáo
期,B,f,O,月,qī
间,E,f,O,门,jiān
对,S,p,O,寸,duì
临,B,vn,B-Symptom,丨,lín
床,E,vn,I-Symptom,广,chuáng
症,B,n,I-Symptom,疒,zhèng
状,E,n,I-Symptom,犬,zhuàng
、,S,x,O,UNK,UNK
骨,B,n,B-Test,骨,gǔ
龄,E,n,I-Test,齿,líng
以,B,c,O,人,yǐ
及,E,c,O,又,jí
相,B,v,O,目,xiāng
关,E,v,O,丷,guān
激,S,n,B-Test,氵,jī
LB,S,x,I-Test,UNK,UNK
素,S,n,I-Test,糸,sù
检,B,vn,I-Test,木,jiǎn
测,E,vn,I-Test,氵,cè
指,B,n,I-Test,扌,zhǐ
标,E,n,I-Test,木,biāo
[,S,x,O,UNK,UNK
如,S,v,O,女,rú
促,S,v,B-Test,亻,cù
肾,B,l,I-Test,月,shèn
上,M,l,I-Test,一,shàng
腺,E,l,I-Test,月,xiàn
皮,B,n,I-Test,皮,pí
质,M,n,I-Test,贝,zhì
激,M,n,I-Test,氵,jī
素,E,n,I-Test,糸,sù
(,S,x,O,UNK,UNK
A,B,eng,B-Test,UNK,UNK
C,M,eng,I-Test,UNK,UNK
T,M,eng,I-Test,UNK,UNK
H,E,eng,I-Test,UNK,UNK
),S,x,O,UNK,UNK
、,S,x,O,UNK,UNK
NUM,B,m,B-Test,UNK,UNK
NUM,E,m,I-Test,UNK,UNK
-,S,x,I-Test,UNK,UNK
羟,B,n,I-Test,羊,qiǎng
孕,E,n,I-Test,子,yùn
LB,S,x,I-Test,UNK,UNK
酮,S,g,I-Test,酉,tóng
、,S,x,O,UNK,UNK
脱,B,v,B-Test,月,tuō
氢,E,v,I-Test,气,qīng
表,B,n,I-Test,衣,biǎo
雄,E,n,I-Test,隹,xióng
酮,S,g,I-Test,酉,tóng
、,S,x,O,UNK,UNK
睾,B,n,B-Test,目,gāo
酮,E,n,I-Test,酉,tóng
等,S,u,O,竹,děng
],S,x,O,UNK,UNK
的,S,uj,O,白,dí
动,B,n,O,力,dòng
态,E,n,O,心,tài
观,B,v,O,见,guān
察,E,v,O,宀,chá
",",S,x,O,UNK,UNK
sep,sep,sep,sep,sep,sep
避,B,v,O,辶,bì
免,E,v,O,刀,miǎn
用,B,n,O,用,yòng
量,E,n,O,里,liáng
不,B,a,O,一,bù
足,E,a,O,足,zú
LB,S,x,O,UNK,UNK
导,B,v,O,寸,dǎo
致,E,v,O,至,zhì
骨,S,ng,B-Symptom,骨,gǔ
骺,S,x,I-Symptom,骨,hóu
过,B,t,I-Symptom,辶,guò
早,E,t,I-Symptom,日,zǎo
闭,B,v,I-Symptom,门,bì
合,E,v,I-Symptom,口,hé
以,B,c,O,人,yǐ
及,E,c,O,又,jí
过,B,n,O,辶,guò
量,E,n,O,里,liáng
导,B,v,O,寸,dǎo
致,E,v,O,至,zhì
糖,S,zg,B-SideEff,米,táng
代,B,v,I-SideEff,亻,dài
谢,E,v,I-SideEff,讠,xiè
异,B,d,I-SideEff,廾,yì
常,E,d,I-SideEff,巾,cháng
和,S,c,O,口,hé
骨,B,n,B-SideEff,骨,gǔ
质,E,n,I-SideEff,贝,zhì
疏,S,v,I-SideEff,疋,shū
LB,S,x,I-SideEff,UNK,UNK
松,S,v,I-SideEff,木,sōng
风,B,n,O,风,fēng
险,E,n,O,阝,xiǎn
增,B,v,O,土,zēng
加,E,v,O,力,jiā
等,S,u,O,竹,děng
不,B,l,O,一,bù
良,M,l,O,艮,liáng
反,M,l,O,又,fǎn
应,E,l,O,广,yīng
。,S,x,O,UNK,UNK
sep,sep,sep,sep,sep,sep
LB,S,x,O,UNK,UNK
六,S,m,O,八,liù
、,S,x,O,UNK,UNK
SPACE,S,x,O,UNK,UNK
男,B,n,B-Disease,田,nán
性,E,n,I-Disease,忄,xìng
乳,B,n,I-Disease,乚,rǔ
腺,E,n,I-Disease,月,xiàn
增,B,n,I-Disease,土,zēng
生,M,n,I-Disease,生,shēng
症,E,n,I-Disease,疒,zhèng
的,S,uj,O,白,dí
治,B,v,O,氵,zhì
疗,E,v,O,疒,liáo
进,B,vn,O,辶,jìn
展,E,vn,O,尸,zhǎn
sep,sep,sep,sep,sep,sep
LB,S,x,O,UNK,UNK
男,B,n,B-Disease,田,nán
性,E,n,I-Disease,忄,xìng
乳,B,n,I-Disease,乚,rǔ
腺,E,n,I-Disease,月,xiàn
增,B,n,I-Disease,土,zēng
生,M,n,I-Disease,生,shēng
症,E,n,I-Disease,疒,zhèng
",",S,x,O,UNK,UNK
sep,sep,sep,sep,sep,sep
尤,B,d,O,尢,yóu
其,E,d,O,八,qí
是,S,v,O,日,shì
青,B,nr,B-Disease,青,qīng
少,M,nr,I-Disease,小,shǎo
年,E,nr,I-Disease,干,nián
男,B,n,I-Disease,田,nán
性,E,n,I-Disease,忄,xìng
乳,B,n,I-Disease,乚,rǔ
腺,E,n,I-Disease,月,xiàn
增,B,n,I-Disease,土,zēng
生,M,n,I-Disease,生,shēng
症,E,n,I-Disease,疒,zhèng
LB,S,x,O,UNK,UNK
会,S,v,O,人,huì
给,S,p,O,纟,gěi
患,B,n,O,心,huàn
者,E,n,O,耂,zhě
带,B,v,O,巾,dài
来,E,v,O,木,lái
沉,B,a,O,氵,chén
重,E,a,O,里,zhòng
的,S,uj,O,白,dí
精,B,n,O,米,jīng
神,M,n,O,礻,shén
负,M,n,O,贝,fù
担,E,n,O,扌,dān
。,S,x,O,UNK,UNK
sep,sep,sep,sep,sep,sep
SPACE,S,x,O,UNK,UNK
郑,B,nt,O,阝,zhèng
州,M,nt,O,川,zhōu
大,M,nt,O,大,dà
学,E,nt,O,子,xué
第,B,m,O,竹,dì
一,E,m,O,一,yī
附,B,b,O,阝,fù
属,E,b,O,尸,shǔ
医,S,n,O,匚,yī
LB,S,x,O,UNK,UNK
院,S,n,O,阝,yuàn
内,B,n,O,冂,nèi
分,M,n,O,刀,fēn
泌,M,n,O,氵,mì
科,E,n,O,禾,kē
秦,B,nr,O,禾,qín
贵,M,nr,O,贝,guì
军,E,nr,O,冖,jūn
教,B,n,O,攵,jiào
授,E,n,O,扌,shòu
讲,B,v,O,讠,jiǎng
解,E,v,O,角,jiě
了,S,ul,O,乙,liǎo
不,B,a,O,一,bù
同,E,a,O,口,tóng
年,B,n,O,干,nián
龄,M,n,O,齿,líng
阶,M,n,O,阝,jiē
段,E,n,O,殳,duàn
导,B,v,O,寸,dǎo
致,E,v,O,至,zhì
乳,B,n,B-Anatomy,乚,rǔ
腺,E,n,I-Anatomy,月,xiàn
LB,S,x,O,UNK,UNK
发,B,vn,O,又,fā
育,E,vn,O,月,yù
的,S,uj,O,白,dí
常,B,a,O,巾,cháng
见,E,a,O,见,jiàn
生,B,vn,O,生,shēng
理,E,vn,O,王,lǐ
因,B,n,O,囗,yīn
素,E,n,O,糸,sù
和,S,c,O,口,hé
病,B,n,O,疒,bìng
理,E,n,O,王,lǐ
因,B,n,O,囗,yīn
素,E,n,O,糸,sù
。,S,x,O,UNK,UNK
sep,sep,sep,sep,sep,sep
SPACE,S,x,O,UNK,UNK
指,B,v,O,扌,zhǐ
出,E,v,O,凵,chū
对,B,p,O,寸,duì
于,E,p,O,二,yú
以,S,p,O,人,yǐ
乳,B,n,B-Symptom,乚,rǔ
腺,E,n,I-Symptom,月,xiàn
增,S,v,I-Symptom,土,zēng
LB,S,x,I-Symptom,UNK,UNK
生,S,vn,I-Symptom,生,shēng
就,B,v,O,尢,jiù
诊,E,v,O,讠,zhěn
患,B,n,O,心,huàn
者,E,n,O,耂,zhě
",",S,x,O,UNK,UNK
sep,sep,sep,sep,sep,sep
应,B,v,O,广,yīng
当,E,v,O,彐,dāng
注,B,v,O,氵,zhù
重,E,v,O,里,zhòng
性,B,n,B-Disease,忄,xìng
腺,E,n,I-Disease,月,xiàn
内,B,n,I-Disease,冂,nèi
分,M,n,I-Disease,刀,fēn
泌,E,n,I-Disease,氵,mì
疾,B,n,I-Disease,疒,jí
病,E,n,I-Disease,疒,bìng
病,B,n,O,疒,bìng
因,E,n,O,囗,yīn
的,S,uj,O,白,dí
甄,B,v,O,瓦,zhēn
别,E,v,O,刂,bié
",",S,x,O,UNK,UNK
sep,sep,sep,sep,sep,sep
比,S,p,O,比,bǐ
LB,S,x,O,UNK,UNK
如,S,v,O,女,rú
睾,B,n,B-Reason,目,gāo
酮,E,n,I-Reason,酉,tóng
分,B,v,I-Reason,刀,fēn
泌,E,v,I-Reason,氵,mì
不,B,a,I-Reason,一,bù
足,E,a,I-Reason,足,zú
或,B,c,O,戈,huò
者,E,c,O,耂,zhě
SPACE,S,x,O,UNK,UNK
L,B,eng,B-Reason,UNK,UNK
H,E,eng,I-Reason,UNK,UNK
SPACE,S,x,I-Reason,UNK,UNK
受,B,n,I-Reason,又,shòu
体,E,n,I-Reason,亻,tǐ
不,S,d,I-Reason,一,bù
敏,B,a,I-Reason,攵,mǐn
感,E,a,I-Reason,心,gǎn
(,S,x,O,UNK,UNK
K,B,eng,B-Reason,UNK,UNK
l,M,eng,I-Reason,UNK,UNK
i,M,eng,I-Reason,UNK,UNK
n,M,eng,I-Reason,UNK,UNK
e,M,eng,I-Reason,UNK,UNK
f,M,eng,I-Reason,UNK,UNK
e,M,eng,I-Reason,UNK,UNK
l,M,eng,I-Reason,UNK,UNK
t,M,eng,I-Reason,UNK,UNK
e,M,eng,I-Reason,UNK,UNK
r,E,eng,I-Reason,UNK,UNK
SPACE,S,x,I-Reason,UNK,UNK
综,B,vn,I-Reason,纟,zōng
合,E,vn,I-Reason,口,hé
LB,S,x,I-Reason,UNK,UNK
征,S,v,I-Reason,彳,zhēng
、,S,x,O,UNK,UNK
雄,B,n,B-Reason,隹,xióng
激,M,n,I-Reason,氵,jī
素,E,n,I-Reason,糸,sù
不,S,d,I-Reason,一,bù
敏,B,a,I-Reason,攵,mǐn
感,E,a,I-Reason,心,gǎn
等,S,u,O,竹,děng
),S,x,O,UNK,UNK
、,S,x,O,UNK,UNK
雌,B,l,B-Reason,隹,cí
激,M,l,I-Reason,氵,jī
素,E,l,I-Reason,糸,sù
增,B,v,I-Reason,土,zēng
多,E,v,I-Reason,夕,duō
(,S,x,O,UNK,UNK
睾,B,n,B-Disease,目,gāo
丸,E,n,I-Disease,丿,wán
肿,B,n,I-Disease,月,zhǒng
瘤,E,n,I-Disease,疒,liú
、,S,x,O,UNK,UNK
肝,S,n,B-Disease,月,gān
硬,S,a,I-Disease,石,yìng
LB,S,x,I-Disease,UNK,UNK
化,S,n,I-Disease,亻,huà
、,S,x,O,UNK,UNK
肾,B,l,B-Disease,月,shèn
上,M,l,I-Disease,一,shàng
腺,E,l,I-Disease,月,xiàn
皮,B,n,I-Disease,皮,pí
质,E,n,I-Disease,贝,zhì
癌,S,n,I-Disease,疒,ái
等,S,u,O,竹,děng
),S,x,O,UNK,UNK
等,S,u,O,竹,děng
。,S,x,O,UNK,UNK
sep,sep,sep,sep,sep,sep
SPACE,S,x,O,UNK,UNK
在,S,p,O,土,zài
除,B,c,O,阝,chú
外,E,c,O,夕,wài
明,B,ad,O,日,míng
确,E,ad,O,石,què
病,B,n,O,疒,bìng
因,E,n,O,囗,yīn
",",S,x,O,UNK,UNK
sep,sep,sep,sep,sep,sep
诊,B,v,O,讠,zhěn
断,E,v,O,斤,duàn
特,B,d,B-Disease,牜,tè
发,E,d,I-Disease,又,fā
LB,S,x,I-Disease,UNK,UNK
性,S,n,I-Disease,忄,xìng
男,B,n,I-Disease,田,nán
性,E,n,I-Disease,忄,xìng
乳,B,n,I-Disease,乚,rǔ
腺,E,n,I-Disease,月,xiàn
增,B,v,I-Disease,土,zēng
生,E,v,I-Disease,生,shēng
者,S,k,O,耂,zhě
",",S,x,O,UNK,UNK
sep,sep,sep,sep,sep,sep
治,B,v,O,氵,zhì
疗,E,v,O,疒,liáo
方,B,n,O,方,fāng
面,E,n,O,面,miàn
可,B,c,O,口,kě
以,E,c,O,人,yǐ
尝,B,vn,O,小,cháng
试,E,vn,O,讠,shì
应,B,v,O,广,yīng
用,E,v,O,用,yòng
雌,B,l,B-Drug,隹,cí
激,M,l,I-Drug,氵,jī
素,E,l,I-Drug,糸,sù
受,S,v,I-Drug,又,shòu
LB,S,x,I-Drug,UNK,UNK
体,S,n,I-Drug,亻,tǐ
拮,B,n,I-Drug,扌,jié
抗,M,n,I-Drug,扌,kàng
剂,E,n,I-Drug,刂,jì
SPACE,S,x,O,UNK,UNK
t,B,eng,B-Drug,UNK,UNK
a,M,eng,I-Drug,UNK,UNK
m,M,eng,I-Drug,UNK,UNK
o,M,eng,I-Drug,UNK,UNK
x,M,eng,I-Drug,UNK,UNK
i,M,eng,I-Drug,UNK,UNK
f,M,eng,I-Drug,UNK,UNK
e,M,eng,I-Drug,UNK,UNK
n,E,eng,I-Drug,UNK,UNK
SPACE,S,x,O,UNK,UNK
等,S,u,O,竹,děng
;,S,x,O,UNK,UNK
sep,sep,sep,sep,sep,sep
特,B,n,O,牜,tè
别,M,n,O,刂,bié
强,M,n,O,弓,qiáng
调,E,n,O,讠,tiáo
要,S,v,O,覀,yào
避,B,v,O,辶,bì
免,E,v,O,刀,miǎn
盲,B,n,O,目,máng
目,E,n,O,目,mù
应,B,v,O,广,yīng
用,E,v,O,用,yòng
雄,S,b,B-Drug,隹,xióng
激,S,n,I-Drug,氵,jī
LB,S,x,I-Drug,UNK,UNK
素,S,n,I-Drug,糸,sù
治,B,v,O,氵,zhì
疗,E,v,O,疒,liáo
的,S,uj,O,白,dí
误,B,n,O,讠,wù
区,E,n,O,匚,qū
",",S,x,O,UNK,UNK
sep,sep,sep,sep,sep,sep
指,B,v,O,扌,zhǐ
出,E,v,O,凵,chū
该,S,r,O,讠,gāi
措,B,n,O,扌,cuò
施,E,n,O,方,shī
会,S,v,O,人,huì
导,B,v,O,寸,dǎo
致,E,v,O,至,zhì
雄,B,n,B-Drug,隹,xióng
激,M,n,I-Drug,氵,jī
素,E,n,I-Drug,糸,sù
在,S,p,O,土,zài
体,B,s,O,亻,tǐ
内,E,s,O,冂,nèi
转,B,v,O,车,zhuǎn
化,E,v,O,亻,huà
LB,S,x,O,UNK,UNK
为,S,p,O,丶,wéi
雌,B,l,B-Drug,隹,cí
激,M,l,I-Drug,氵,jī
素,E,l,I-Drug,糸,sù
而,S,c,O,而,ér
加,B,v,O,力,jiā
重,E,v,O,里,zhòng
乳,B,n,B-Symptom,乚,rǔ
腺,E,n,I-Symptom,月,xiàn
增,B,v,I-Symptom,土,zēng
生,E,v,I-Symptom,生,shēng
。,S,x,O,UNK,UNK
sep,sep,sep,sep,sep,sep
LB,S,x,O,UNK,UNK
七,S,m,O,一,qī
、,S,x,O,UNK,UNK
SPACE,S,x,O,UNK,UNK
P,B,eng,B-Disease,UNK,UNK
C,M,eng,I-Disease,UNK,UNK
O,M,eng,I-Disease,UNK,UNK
S,E,eng,I-Disease,UNK,UNK
SPACE,S,x,O,UNK,UNK
的,S,uj,O,白,dí
防,B,v,O,阝,fáng
治,E,v,O,氵,zhì
进,B,vn,O,辶,jìn
展,E,vn,O,尸,zhǎn
sep,sep,sep,sep,sep,sep
LB,S,x,O,UNK,UNK
P,B,eng,B-Disease,UNK,UNK
C,M,eng,I-Disease,UNK,UNK
O,M,eng,I-Disease,UNK,UNK
S,E,eng,I-Disease,UNK,UNK
SPACE,S,x,O,UNK,UNK
是,S,v,O,日,shì
一,B,m,O,一,yī
种,E,m,O,禾,zhǒng
多,S,m,O,夕,duō
因,B,n,O,囗,yīn
素,E,n,O,糸,sù
相,B,l,O,目,xiāng
互,M,l,O,二,hù
影,M,l,O,彡,yǐng
响,E,l,O,口,xiǎng
导,B,v,O,寸,dǎo
致,E,v,O,至,zhì
的,S,uj,O,白,dí
以,S,f,O,人,yǐ
雄,B,n,B-Symptom,隹,xióng
激,M,n,I-Symptom,氵,jī
素,E,n,I-Symptom,糸,sù
过,S,ug,I-Symptom,辶,guò
sep,sep,sep,sep,sep,sep
LB,S,x,I-Symptom,UNK,UNK
多,S,m,I-Symptom,夕,duō
等,S,u,O,竹,děng
为,S,p,O,丶,wéi
主,B,b,O,丶,zhǔ
要,E,b,O,覀,yào
特,B,n,O,牜,tè
征,E,n,O,彳,zhēng
的,S,uj,O,白,dí
内,B,n,B-Disease,冂,nèi
分,M,n,I-Disease,刀,fēn
泌,E,n,I-Disease,氵,mì
性,B,n,I-Disease,忄,xìng
腺,E,n,I-Disease,月,xiàn
疾,B,n,I-Disease,疒,jí
病,E,n,I-Disease,疒,bìng
",",S,x,O,UNK,UNK
sep,sep,sep,sep,sep,sep
患,B,n,O,心,huàn
者,E,n,O,耂,zhě
常,S,d,O,巾,cháng
分,B,v,O,刀,fēn
散,E,v,O,攵,sàn
就,B,v,O,尢,jiù
诊,E,v,O,讠,zhěn
LB,S,x,O,UNK,UNK
于,S,p,O,二,yú
内,B,n,O,冂,nèi
分,M,n,O,刀,fēn
泌,E,n,O,氵,mì
、,S,x,O,UNK,UNK
妇,B,n,O,女,fù
产,M,n,O,亠,chǎn
科,E,n,O,禾,kē
、,S,x,O,UNK,UNK
皮,B,n,O,皮,pí
肤,M,n,O,月,fū
科,E,n,O,禾,kē
等,S,u,O,竹,děng
。,S,x,O,UNK,UNK
sep,sep,sep,sep,sep,sep
SPACE,S,x,O,UNK,UNK
上,B,ns,O,一,shàng
海,E,ns,O,氵,hǎi
仁,B,n,O,亻,rén
济,E,n,O,氵,jì
医,B,n,O,匚,yī
院,E,n,O,阝,yuàn
内,B,n,O,冂,nèi
分,M,n,O,刀,fēn
泌,M,n,O,氵,mì
科,E,n,O,禾,kē
LB,S,x,O,UNK,UNK
刘,B,nr,O,刂,liú
伟,E,nr,O,亻,wěi
教,B,n,O,攵,jiào
授,E,n,O,扌,shòu
首,B,d,O,首,shǒu
先,E,d,O,儿,xiān
介,B,v,O,人,jiè
绍,E,v,O,纟,shào
了,S,ul,O,乙,liǎo
SPACE,S,x,O,UNK,UNK
NUM,B,m,O,UNK,UNK
NUM,M,m,O,UNK,UNK
NUM,M,m,O,UNK,UNK
NUM,E,m,O,UNK,UNK
SPACE,S,x,O,UNK,UNK
年,S,m,O,干,nián
该,S,r,O,讠,gāi
医,B,n,O,匚,yī
院,E,n,O,阝,yuàn
对,S,p,O,寸,duì
育,B,b,O,月,yù
龄,E,b,O,齿,líng
期,S,n,O,月,qī
护,B,n,O,扌,hù
理,E,n,O,王,lǐ
人,S,n,O,人,rén
LB,S,x,O,UNK,UNK
群,B,n,O,羊,qún
查,M,n,O,木,chá
体,E,n,O,亻,tǐ
结,B,n,O,纟,jié
果,E,n,O,木,guǒ
分,B,vn,O,刀,fēn
析,E,vn,O,木,xī
",",S,x,O,UNK,UNK
sep,sep,sep,sep,sep,sep
指,B,v,O,扌,zhǐ
出,E,v,O,凵,chū
SPACE,S,x,O,UNK,UNK
P,B,eng,B-Disease,UNK,UNK
C,M,eng,I-Disease,UNK,UNK
O,M,eng,I-Disease,UNK,UNK
S,E,eng,I-Disease,UNK,UNK
SPACE,S,x,O,UNK,UNK
在,S,p,O,土,zài
育,B,b,O,月,yù
龄,E,b,O,齿,líng
期,S,n,O,月,qī
女,B,n,O,女,nǚ
性,E,n,O,忄,xìng
并,S,c,O,干,bìng
不,B,d,O,一,bù
少,E,d,O,小,shǎo
见,S,v,O,见,jiàn
",",S,x,O,UNK,UNK
sep,sep,sep,sep,sep,sep
LB,S,x,O,UNK,UNK
且,S,zg,O,一,qiě
临,B,i,O,丨,lín
床,M,i,O,广,chuáng
表,M,i,O,衣,biǎo
现,E,i,O,见,xiàn
复,B,l,O,夂,fù
杂,M,l,O,木,zá
多,M,l,O,夕,duō
变,E,l,O,又,biàn
。,S,x,O,UNK,UNK
sep,sep,sep,sep,sep,sep
SPACE,S,x,O,UNK,UNK
P,B,eng,B-Disease,UNK,UNK
C,M,eng,I-Disease,UNK,UNK
O,M,eng,I-Disease,UNK,UNK
S,E,eng,I-Disease,UNK,UNK
SPACE,S,x,O,UNK,UNK
一,B,d,O,一,yī
旦,E,d,O,日,dàn
发,B,v,O,又,fā
生,E,v,O,生,shēng
",",S,x,O,UNK,UNK
sep,sep,sep,sep,sep,sep
合,B,v,O,口,hé
并,E,v,O,干,bìng
代,B,v,B-Disease,亻,dài
谢,E,v,I-Disease,讠,xiè
综,S,vn,I-Disease,纟,zōng
LB,S,x,I-Disease,UNK,UNK
合,B,n,I-Disease,口,hé
征,E,n,I-Disease,彳,zhēng
的,S,uj,O,白,dí
风,B,n,O,风,fēng
险,E,n,O,阝,xiǎn
明,B,nr,O,日,míng
显,M,nr,O,日,xiǎn
增,M,nr,O,土,zēng
加,E,nr,O,力,jiā
。,S,x,O,UNK,UNK
sep,sep,sep,sep,sep,sep
SPACE,S,x,O,UNK,UNK
该,S,r,O,讠,gāi
疾,B,n,O,疒,jí
病,E,n,O,疒,bìng
发,B,v,O,又,fā
病,E,v,O,疒,bìng
机,B,n,O,木,jī
制,E,n,O,刂,zhì
复,B,a,O,夂,fù
杂,E,a,O,木,zá
",",S,x,O,UNK,UNK
sep,sep,sep,sep,sep,sep
通,B,d,O,辶,tōng
常,E,d,O,巾,cháng
认,S,v,O,讠,rèn
LB,S,x,O,UNK,UNK
为,S,p,O,丶,wéi
是,S,v,O,日,shì
遗,B,vn,B-Reason,辶,yí
传,E,vn,I-Reason,亻,chuán
因,B,n,I-Reason,囗,yīn
素,E,n,I-Reason,糸,sù
(,S,x,O,UNK,UNK
胰,B,n,B-Reason,月,yí
岛,M,n,I-Reason,山,dǎo
素,E,n,I-Reason,糸,sù
抵,B,vn,I-Reason,扌,dǐ
抗,E,vn,I-Reason,扌,kàng
和,S,c,I-Reason,口,hé
雄,B,n,I-Reason,隹,xióng
激,M,n,I-Reason,氵,jī
素,E,n,I-Reason,糸,sù
合,B,v,I-Reason,口,hé
成,E,v,I-Reason,戈,chéng
等,S,u,I-Reason,竹,děng
相,B,v,I-Reason,目,xiāng
关,E,v,I-Reason,丷,guān
基,B,n,I-Reason,土,jī
因,E,n,I-Reason,囗,yīn
LB,S,x,I-Reason,UNK,UNK
突,B,v,I-Reason,穴,tū
变,E,v,I-Reason,又,biàn
),S,x,O,UNK,UNK
和,S,c,O,口,hé
环,B,n,B-Reason,王,huán
境,M,n,I-Reason,土,jìng
因,M,n,I-Reason,囗,yīn
素,E,n,I-Reason,糸,sù
(,S,x,O,UNK,UNK
营,B,l,B-Reason,艹,yíng
养,M,l,I-Reason,丷,yǎng
过,M,l,I-Reason,辶,guò
剩,E,l,I-Reason,刂,shèng
、,S,x,O,UNK,UNK
肥,B,a,B-Reason,月,féi
胖,E,a,I-Reason,月,pàng
等,S,u,O,竹,děng
),S,x,O,UNK,UNK
交,B,v,O,亠,jiāo
互,E,v,O,二,hù
影,B,vn,O,彡,yǐng
响,E,vn,O,口,xiǎng
所,B,n,O,户,suǒ
导,E,n,O,寸,dǎo
LB,S,x,O,UNK,UNK
致,S,v,O,至,zhì
。,S,x,O,UNK,UNK
sep,sep,sep,sep,sep,sep
SPACE,S,x,O,UNK,UNK
高,S,a,B-Disease,高,gāo
雄,B,n,I-Disease,隹,xióng
激,M,n,I-Disease,氵,jī
素,E,n,I-Disease,糸,sù
血,B,n,I-Disease,血,xiě
症,E,n,I-Disease,疒,zhèng
和,S,c,O,口,hé
高,S,a,B-Disease,高,gāo
胰,B,n,I-Disease,月,yí
岛,M,n,I-Disease,山,dǎo
素,E,n,I-Disease,糸,sù
血,B,n,I-Disease,血,xiě
症,E,n,I-Disease,疒,zhèng
两,B,n,O,一,liǎng
者,E,n,O,耂,zhě
共,B,d,O,八,gòng
同,E,d,O,口,tóng
促,B,v,O,亻,cù
成,E,v,O,戈,chéng
了,S,ul,O,乙,liǎo
疾,S,n,O,疒,jí
LB,S,x,O,UNK,UNK
病,S,n,O,疒,bìng
的,S,uj,O,白,dí
发,B,v,O,又,fā
生,E,v,O,生,shēng
和,S,c,O,口,hé
发,B,vn,O,又,fā
展,E,vn,O,尸,zhǎn
。,S,x,O,UNK,UNK
sep,sep,sep,sep,sep,sep
SPACE,S,x,O,UNK,UNK
治,B,v,O,氵,zhì
疗,E,v,O,疒,liáo
方,B,n,O,方,fāng
面,E,n,O,面,miàn
",",S,x,O,UNK,UNK
指,B,v,O,扌,zhǐ
出,E,v,O,凵,chū
应,B,v,O,广,yīng
当,E,v,O,彐,dāng
在,S,p,O,土,zài
生,B,vn,O,生,shēng
活,E,vn,O,氵,huó
方,B,n,O,方,fāng
式,E,n,O,弋,shì
干,S,v,O,干,gān
LB,S,x,O,UNK,UNK
预,B,n,O,页,yù
的,E,n,O,白,dí
基,B,n,O,土,jī
础,E,n,O,石,chǔ
上,S,f,O,一,shàng
",",S,x,O,UNK,UNK
sep,sep,sep,sep,sep,sep
针,B,p,O,钅,zhēn
对,E,p,O,寸,duì
病,B,n,O,疒,bìng
理,E,n,O,王,lǐ
生,B,n,O,生,shēng
理,M,n,O,王,lǐ
学,E,n,O,子,xué
异,B,d,O,廾,yì
常,E,d,O,巾,cháng
采,B,v,O,采,cǎi
用,E,v,O,用,yòng
包,B,v,O,勹,bāo
括,E,v,O,扌,kuò
改,B,v,O,攵,gǎi
善,E,v,O,口,shàn
胰,B,n,B-Symptom,月,yí
岛,E,n,I-Symptom,山,dǎo
LB,S,x,I-Symptom,UNK,UNK
素,S,n,I-Symptom,糸,sù
抵,B,vn,I-Symptom,扌,dǐ
抗,E,vn,I-Symptom,扌,kàng
(,S,x,O,UNK,UNK
二,B,b,B-Drug,二,èr
甲,E,b,I-Drug,田,jiǎ
双,S,m,I-Drug,又,shuāng
胍,S,g,I-Drug,月,guā
、,S,x,O,UNK,UNK
P,B,eng,B-Drug,UNK,UNK
P,M,eng,I-Drug,UNK,UNK
A,M,eng,I-Drug,UNK,UNK
R,E,eng,I-Drug,UNK,UNK
γ,S,x,I-Drug,UNK,UNK
SPACE,S,x,I-Drug,UNK,UNK
激,B,n,I-Drug,氵,jī
动,M,n,I-Drug,力,dòng
剂,E,n,I-Drug,刂,jì
),S,x,O,UNK,UNK
、,S,x,O,UNK,UNK
抗,B,nz,O,扌,kàng
高,E,nz,B-Disease,高,gāo
雄,B,n,I-Disease,隹,xióng
激,M,n,I-Disease,氵,jī
素,E,n,I-Disease,糸,sù
血,B,n,I-Disease,血,xiě
症,E,n,I-Disease,疒,zhèng
LB,S,x,O,UNK,UNK
(,S,x,O,UNK,UNK
达,B,nr,B-Drug,辶,dá
英,E,nr,I-Drug,艹,yīng
-,S,x,I-Drug,UNK,UNK
NUM,B,m,I-Drug,UNK,UNK
NUM,E,m,I-Drug,UNK,UNK
、,S,x,O,UNK,UNK
螺,S,n,B-Drug,虫,luó
内,B,n,I-Drug,冂,nèi
酯,E,n,I-Drug,酉,zhǐ
),S,x,O,UNK,UNK
以,B,c,O,人,yǐ
及,E,c,O,又,jí
调,B,nz,B-Treatment,讠,tiáo
脂,E,nz,I-Treatment,月,zhī
抗,B,nz,I-Treatment,扌,kàng
炎,E,nz,I-Treatment,火,yán
(,S,x,O,UNK,UNK
他,S,r,B-Drug,亻,tā
汀,B,n,I-Drug,氵,tīng
类,E,n,I-Drug,米,lèi
、,S,x,O,UNK,UNK
二,S,m,B-Drug,二,èr
肽,B,n,I-Drug,月,tài
基,E,n,I-Drug,土,jī
肽,S,zg,I-Drug,月,tài
LB,S,x,I-Drug,UNK,UNK
酶,S,n,I-Drug,酉,méi
抑,B,nz,I-Drug,扌,yì
制,M,nz,I-Drug,刂,zhì
剂,E,nz,I-Drug,刂,jì
、,S,x,O,UNK,UNK
胰,B,n,B-Drug,月,yí
升,M,n,I-Drug,十,shēng
糖,M,n,I-Drug,米,táng
素,E,n,I-Drug,糸,sù
样,B,n,I-Drug,木,yàng
肽,E,n,I-Drug,月,tài
SPACE,S,x,I-Drug,UNK,UNK
NUM,S,x,I-Drug,UNK,UNK
SPACE,S,x,I-Drug,UNK,UNK
受,B,n,I-Drug,又,shòu
体,E,n,I-Drug,亻,tǐ
激,B,n,I-Drug,氵,jī
动,M,n,I-Drug,力,dòng
剂,E,n,I-Drug,刂,jì
),S,x,O,UNK,UNK
等,S,u,O,竹,děng
在,B,u,O,土,zài
内,E,u,O,冂,nèi
的,S,uj,O,白,dí
综,S,vn,O,纟,zōng
LB,S,x,O,UNK,UNK
合,S,v,O,口,hé
治,B,v,O,氵,zhì
疗,E,v,O,疒,liáo
措,B,n,O,扌,cuò
施,E,n,O,方,shī
。,S,x,O,UNK,UNK
sep,sep,sep,sep,sep,sep
LB,S,x,O,UNK,UNK
八,S,m,O,八,bā
、,S,x,O,UNK,UNK
SPACE,S,x,O,UNK,UNK
围,S,v,O,囗,wéi
绝,B,n,O,纟,jué
经,M,n,O,纟,jīng
期,E,n,O,月,qī
性,B,n,B-Drug,忄,xìng
激,M,n,I-Drug,氵,jī
素,E,n,I-Drug,糸,sù
补,B,v,O,衤,bǔ
充,E,v,O,亠,chōng
治,B,v,O,氵,zhì
疗,E,v,O,疒,liáo
利,B,n,O,刂,lì
弊,E,n,O,廾,bì
探,B,v,O,扌,tàn
讨,E,v,O,讠,tǎo
sep,sep,sep,sep,sep,sep
LB,S,x,O,UNK,UNK
围,S,v,B-Disease,囗,wéi
绝,B,n,I-Disease,纟,jué
经,M,n,I-Disease,纟,jīng
期,E,n,I-Disease,月,qī
综,B,n,I-Disease,纟,zōng
合,M,n,I-Disease,口,hé
征,E,n,I-Disease,彳,zhēng
是,S,v,O,日,shì
广,B,a,O,广,guǎng
大,E,a,O,大,dà
中,B,j,O,丨,zhōng
老,M,j,O,耂,lǎo
年,E,j,O,干,nián
妇,B,n,O,女,fù
女,E,n,O,女,nǚ
的,S,uj,O,白,dí
无,B,n,O,一,wú
法,E,n,O,氵,fǎ
回,B,v,O,囗,huí
避,E,v,O,辶,bì
的,S,uj,O,白,dí
sep,sep,sep,sep,sep,sep
LB,S,x,O,UNK,UNK
一,B,m,O,一,yī
种,E,m,O,禾,zhǒng
生,B,vn,O,生,shēng
理,E,vn,O,王,lǐ
状,B,n,O,犬,zhuàng
态,E,n,O,心,tài
。,S,x,O,UNK,UNK
sep,sep,sep,sep,sep,sep
SPACE,S,x,O,UNK,UNK
雌,B,l,B-Test,隹,cí
激,M,l,I-Test,氵,jī
素,E,l,I-Test,糸,sù
迅,B,ad,O,辶,xùn
速,E,ad,O,辶,sù
缺,B,v,O,缶,quē
乏,E,v,O,丿,fá
所,S,c,O,户,suǒ
导,B,v,O,寸,dǎo
致,E,v,O,至,zhì
的,S,uj,O,白,dí
各,B,r,O,口,gè
种,E,r,O,禾,zhǒng
躯,B,n,B-Symptom,身,qū
体,E,n,I-Symptom,亻,tǐ
症,S,zg,I-Symptom,疒,zhèng
LB,S,x,I-Symptom,UNK,UNK
状,S,ng,I-Symptom,犬,zhuàng
和,S,c,O,口,hé
精,B,n,B-Symptom,米,jīng
神,E,n,I-Symptom,礻,shén
神,B,l,I-Symptom,礻,shén
经,M,l,I-Symptom,纟,jīng
系,M,l,I-Symptom,糸,xì
统,E,l,I-Symptom,纟,tǒng
的,S,uj,I-Symptom,白,dí
异,B,d,I-Symptom,廾,yì
常,E,d,I-Symptom,巾,cháng
",",S,x,O,UNK,UNK
sep,sep,sep,sep,sep,sep
会,S,v,O,人,huì
对,S,p,O,寸,duì
生,B,vn,O,生,shēng
活,E,vn,O,氵,huó
状,B,n,O,犬,zhuàng
态,E,n,O,心,tài
产,B,n,O,亠,chǎn
生,E,n,O,生,shēng
严,B,a,O,一,yán
重,E,a,O,里,zhòng
干,S,v,O,干,gān
LB,S,x,O,UNK,UNK
扰,S,v,O,扌,rǎo
。,S,x,O,UNK,UNK
sep,sep,sep,sep,sep,sep
SPACE,S,x,O,UNK,UNK
关,B,p,O,丷,guān
于,E,p,O,二,yú
性,B,n,B-Drug,忄,xìng
激,M,n,I-Drug,氵,jī
素,E,n,I-Drug,糸,sù
补,B,v,O,衤,bǔ
充,E,v,O,亠,chōng
治,B,v,O,氵,zhì
疗,E,v,O,疒,liáo
的,S,uj,O,白,dí
利,B,n,O,刂,lì
弊,E,n,O,廾,bì
问,B,n,O,门,wèn
题,E,n,O,页,tí
",",S,x,O,UNK,UNK
sep,sep,sep,sep,sep,sep
北,B,nt,O,匕,běi
京,M,nt,O,亠,jīng
协,M,nt,O,十,xié
和,M,nt,O,口,hé
医,M,nt,O,匚,yī
院,E,nt,O,阝,yuàn
LB,S,x,O,UNK,UNK
内,B,n,O,冂,nèi
分,M,n,O,刀,fēn
泌,E,n,O,氵,mì
妇,B,n,O,女,fù
科,E,n,O,禾,kē
邓,B,nr,O,阝,dèng
成,M,nr,O,戈,chéng
艳,E,nr,O,色,yàn
教,B,n,O,攵,jiào
授,E,n,O,扌,shòu
进,B,v,O,辶,jìn
行,E,v,O,行,háng
了,S,ul,O,乙,liǎo
深,B,v,O,氵,shēn
入,E,v,O,入,rù
剖,B,vn,O,刂,pōu
析,E,vn,O,木,xī
。,S,x,O,UNK,UNK
sep,sep,sep,sep,sep,sep
SPACE,S,x,O,UNK,UNK
结,B,v,O,纟,jié
合,E,v,O,口,hé
最,B,d,O,曰,zuì
新,E,d,O,斤,xīn
的,S,uj,O,白,dí
LB,S,x,O,UNK,UNK
循,B,vn,O,彳,xún
证,E,vn,O,讠,zhèng
医,B,n,O,匚,yī
学,E,n,O,子,xué
研,B,vn,O,石,yán
究,E,vn,O,穴,jiū
证,B,n,O,讠,zhèng
据,E,n,O,扌,jù
",",S,x,O,UNK,UNK
sep,sep,sep,sep,sep,sep
邓,S,nr,O,阝,dèng
教,B,n,O,攵,jiào
授,E,n,O,扌,shòu
指,B,v,O,扌,zhǐ
出,E,v,O,凵,chū
",",S,x,O,UNK,UNK
在,S,p,O,土,zài
绝,B,d,O,纟,jué
经,E,d,O,纟,jīng
早,B,t,O,日,zǎo
期,E,t,O,月,qī
对,S,p,O,寸,duì
有,S,v,O,月,yǒu
症,B,n,O,疒,zhèng
状,E,n,O,犬,zhuàng
LB,S,x,O,UNK,UNK
的,S,uj,O,白,dí
妇,B,n,O,女,fù
女,E,n,O,女,nǚ
开,B,v,O,廾,kāi
始,E,v,O,女,shǐ
激,B,n,B-Drug,氵,jī
素,E,n,I-Drug,糸,sù
替,B,n,O,曰,tì
代,E,n,O,亻,dài
治,B,v,O,氵,zhì
疗,E,v,O,疒,liáo
(,S,x,O,UNK,UNK
H,B,eng,B-Treatment,UNK,UNK
R,M,eng,I-Treatment,UNK,UNK
T,E,eng,I-Treatment,UNK,UNK
),S,x,O,UNK,UNK
",",S,x,O,UNK,UNK
sep,sep,sep,sep,sep,sep
利,B,i,O,刂,lì
大,M,i,O,大,dà
于,M,i,O,二,yú
弊,E,i,O,廾,bì
",",S,x,O,UNK,UNK
会,S,v,O,人,huì
形,B,v,O,彡,xíng
成,E,v,O,戈,chéng
LB,S,x,O,UNK,UNK
一,B,m,O,一,yī
个,E,m,O,人,gè
长,B,d,O,长,cháng
期,E,d,O,月,qī
的,S,uj,O,白,dí
对,S,n,O,寸,duì
心,B,n,B-Anatomy,心,xīn
血,M,n,I-Anatomy,血,xiě
管,E,n,I-Anatomy,竹,guǎn
、,S,x,O,UNK,UNK
骨,B,n,B-Disease,骨,gǔ
折,E,n,I-Disease,扌,zhē
、,S,x,O,UNK,UNK
痴,B,z,B-Disease,疒,chī
呆,E,z,I-Disease,口,dāi
的,S,uj,O,白,dí
保,B,v,O,亻,bǎo
护,E,v,O,扌,hù
作,B,v,O,亻,zuò
用,E,v,O,用,yòng
;,S,x,O,UNK,UNK
sep,sep,sep,sep,sep,sep
但,S,c,O,亻,dàn
同,B,c,O,口,tóng
时,E,c,O,日,shí
LB,S,x,O,UNK,UNK
强,B,v,O,弓,qiáng
调,E,v,O,讠,tiáo
",",S,x,O,UNK,UNK
H,B,eng,B-Treatment,UNK,UNK
R,M,eng,I-Treatment,UNK,UNK
T,E,eng,I-Treatment,UNK,UNK
SPACE,S,x,O,UNK,UNK
应,B,v,O,广,yīng
当,E,v,O,彐,dāng
采,B,v,O,采,cǎi
用,E,v,O,用,yòng
个,B,n,O,人,gè
体,M,n,O,亻,tǐ
化,E,n,O,亻,huà
的,S,uj,O,白,dí
用,B,n,O,用,yòng
药,E,n,O,艹,yào
原,B,n,O,厂,yuán
则,E,n,O,刂,zé
并,S,c,O,干,bìng
严,B,a,O,一,yán
密,E,a,O,宀,mì
规,B,n,O,见,guī
范,E,n,O,艹,fàn
检,S,vn,O,木,jiǎn
LB,S,x,O,UNK,UNK
测,S,vn,O,氵,cè
",",S,x,O,UNK,UNK
sep,sep,sep,sep,sep,sep
每,B,r,O,母,měi
年,E,r,O,干,nián
进,B,v,O,辶,jìn
行,E,v,O,行,háng
安,B,nr,O,宀,ān
全,M,nr,O,入,quán
性,E,nr,O,忄,xìng
检,B,vn,O,木,jiǎn
查,E,vn,O,木,chá
并,S,c,O,干,bìng
评,B,vn,O,讠,píng
估,E,vn,O,亻,gū
利,B,n,O,刂,lì
弊,E,n,O,廾,bì
关,B,n,O,丷,guān
系,E,n,O,糸,xì
;,S,x,O,UNK,UNK
sep,sep,sep,sep,sep,sep
对,B,p,O,寸,duì
于,E,p,O,二,yú
绝,B,d,O,纟,jué
经,E,d,O,纟,jīng
症,S,zg,O,疒,zhèng
LB,S,x,O,UNK,UNK
状,S,ng,O,犬,zhuàng
的,S,uj,O,白,dí
SPACE,S,x,O,UNK,UNK
H,B,eng,B-Treatment,UNK,UNK
R,M,eng,I-Treatment,UNK,UNK
T,E,eng,I-Treatment,UNK,UNK
",",S,x,O,UNK,UNK
sep,sep,sep,sep,sep,sep
既,S,c,O,旡,jì
不,B,v,O,一,bù
能,E,v,O,月,néng
一,B,i,O,一,yī
哄,M,i,O,口,hōng
而,M,i,O,而,ér
上,E,i,O,一,shàng
",",S,x,O,UNK,UNK
sep,sep,sep,sep,sep,sep
亦,S,d,O,亠,yì
不,B,d,O,一,bù
必,E,d,O,心,bì
谈,B,i,O,讠,tán
虎,M,i,O,虍,hǔ
色,M,i,O,色,sè
变,E,i,O,又,biàn
",",S,x,O,UNK,UNK
sep,sep,sep,sep,sep,sep
使,B,v,O,亻,shǐ
用,E,v,O,用,yòng
时,S,n,O,日,shí
LB,S,x,O,UNK,UNK
应,B,v,O,广,yīng
当,E,v,O,彐,dāng
审,B,n,O,宀,shěn
时,M,n,O,日,shí
度,M,n,O,广,dù
势,E,n,O,力,shì
",",S,x,O,UNK,UNK
sep,sep,sep,sep,sep,sep
防,B,i,O,阝,fáng
微,M,i,O,彳,wēi
杜,M,i,O,木,dù
渐,E,i,O,氵,jiàn
。,S,x,O,UNK,UNK
LB,S,x,O,UNK,UNK
九,S,m,O,丿,jiǔ
、,S,x,O,UNK,UNK
SPACE,S,x,O,UNK,UNK
经,B,n,O,纟,jīng
典,E,n,O,八,diǎn
病,B,n,O,疒,bìng
例,E,n,O,亻,lì
讨,B,v,O,讠,tǎo
论,E,v,O,讠,lùn
sep,sep,sep,sep,sep,sep
LB,S,x,O,UNK,UNK
本,B,r,O,木,běn
次,E,r,O,欠,cì
会,B,n,O,人,huì
议,E,n,O,讠,yì
还,S,d,O,辶,huán
精,B,v,O,米,jīng
选,E,v,O,辶,xuǎn
了,S,ul,O,乙,liǎo
来,B,v,O,木,lái
自,E,v,O,自,zì
国,B,s,O,囗,guó
内,E,s,O,冂,nèi
知,B,v,O,矢,zhī
名,E,v,O,口,míng
医,B,n,O,匚,yī
院,E,n,O,阝,yuàn
的,S,uj,O,白,dí
SPACE,S,x,O,UNK,UNK
NUM,S,x,O,UNK,UNK
SPACE,S,x,O,UNK,UNK
个,S,q,O,人,gè
经,B,n,O,纟,jīng
典,E,n,O,八,diǎn
sep,sep,sep,sep,sep,sep
LB,S,x,O,UNK,UNK
内,B,n,B-Disease,冂,nèi
分,M,n,I-Disease,刀,fēn
泌,E,n,I-Disease,氵,mì
性,B,n,I-Disease,忄,xìng
腺,E,n,I-Disease,月,xiàn
病,B,n,I-Disease,疒,bìng
例,E,n,O,亻,lì
进,B,v,O,辶,jìn
行,E,v,O,行,háng
了,S,ul,O,乙,liǎo
讨,B,v,O,讠,tǎo
论,E,v,O,讠,lùn
。,S,x,O,UNK,UNK
sep,sep,sep,sep,sep,sep
SPACE,S,x,O,UNK,UNK
病,B,n,O,疒,bìng
例,E,n,O,亻,lì
SPACE,S,x,O,UNK,UNK
NUM,S,x,O,UNK,UNK
SPACE,S,x,O,UNK,UNK
是,S,v,O,日,shì
一,B,m,O,一,yī
位,E,m,O,亻,wèi
外,B,n,B-Symptom,夕,wài
生,M,n,I-Symptom,生,shēng
殖,M,n,I-Symptom,歹,zhí
器,E,n,I-Symptom,口,qì
LB,S,x,I-Symptom,UNK,UNK
女,B,n,I-Symptom,女,nǚ
性,E,n,I-Symptom,忄,xìng
表,B,n,I-Symptom,衣,biǎo
型,E,n,I-Symptom,土,xíng
的,S,uj,O,白,dí
SPACE,S,x,O,UNK,UNK
NUM,S,x,O,UNK,UNK
SPACE,S,x,O,UNK,UNK
岁,S,m,O,山,suì
幼,B,n,O,幺,yòu
儿,E,n,O,儿,ér
。,S,x,O,UNK,UNK
sep,sep,sep,sep,sep,sep
SPACE,S,x,O,UNK,UNK
患,B,n,O,心,huàn
儿,E,n,O,儿,ér
出,B,v,O,凵,chū
生,E,v,O,生,shēng
后,S,f,O,口,hòu
阴,B,nr,B-Symptom,阝,yīn
蒂,E,nr,I-Symptom,艹,dì
增,B,v,I-Symptom,土,zēng
大,E,v,I-Symptom,大,dà
、,S,x,O,UNK,UNK
双,B,n,B-Symptom,又,shuāng
侧,E,n,I-Symptom,亻,cè
阴,S,n,I-Symptom,阝,yīn
LB,S,x,I-Symptom,UNK,UNK
唇,B,i,I-Symptom,口,chún
可,M,i,I-Symptom,口,kě
扪,M,i,I-Symptom,扌,mén
及,E,i,I-Symptom,又,jí
包,B,n,I-Symptom,勹,bāo
块,E,n,I-Symptom,土,kuài
。,S,x,O,UNK,UNK
sep,sep,sep,sep,sep,sep
SPACE,S,x,O,UNK,UNK
后,S,f,O,口,hòu
行,S,zg,O,行,háng
染,B,n,B-Test,木,rǎn
色,M,n,I-Test,色,sè
体,E,n,I-Test,亻,tǐ
核,B,n,I-Test,木,hé
型,E,n,I-Test,土,xíng
检,B,vn,I-Test,木,jiǎn
查,E,vn,I-Test,木,chá
为,S,p,O,丶,wéi
SPACE,S,x,O,UNK,UNK
NUM,B,m,B-Test_Value,UNK,UNK
NUM,E,m,I-Test_Value,UNK,UNK
X,B,eng,I-Test_Value,UNK,UNK
Y,E,eng,I-Test_Value,UNK,UNK
",",S,x,O,UNK,UNK
sep,sep,sep,sep,sep,sep
腹,B,n,O,月,fù
腔,E,n,O,月,qiāng
未,S,d,O,木,wèi
LB,S,x,O,UNK,UNK
探,B,v,O,扌,tàn
及,E,v,O,又,jí
卵,B,n,B-Anatomy,卩,luǎn
巢,E,n,I-Anatomy,巛,cháo
和,S,c,O,口,hé
子,B,nr,B-Anatomy,子,zǐ
宫,E,nr,I-Anatomy,宀,gōng
。,S,x,O,UNK,UNK
sep,sep,sep,sep,sep,sep
SPACE,S,x,O,UNK,UNK
继,B,v,O,纟,jì
续,E,v,O,纟,xù
性,S,n,O,忄,xìng
SPACE,S,x,O,UNK,UNK
h,B,eng,B-Test,UNK,UNK
C,M,eng,I-Test,UNK,UNK
G,E,eng,I-Test,UNK,UNK
SPACE,S,x,I-Test,UNK,UNK
兴,B,v,I-Test,八,xīng
奋,E,v,I-Test,大,fèn
试,B,vn,I-Test,讠,shì
验,E,vn,I-Test,马,yàn
显,B,v,O,日,xiǎn
示,E,v,O,示,shì
睾,B,n,B-Test,目,gāo
酮,E,n,I-Test,酉,tóng
SPACE,S,x,I-Test,UNK,UNK
/,S,x,I-Test,UNK,UNK
双,S,n,I-Test,又,shuāng
LB,S,x,I-Test,UNK,UNK
氢,S,n,I-Test,气,qīng
睾,B,n,I-Test,目,gāo
酮,E,n,I-Test,酉,tóng
显,B,a,B-Test_Value,日,xiǎn
著,E,a,I-Test_Value,艹,zhù
升,B,v,I-Test_Value,十,shēng
高,E,v,I-Test_Value,高,gāo
",",S,x,O,UNK,UNK
sep,sep,sep,sep,sep,sep
临,B,vn,O,丨,lín
床,E,vn,O,广,chuáng
诊,B,v,O,讠,zhěn
断,E,v,O,斤,duàn
SPACE,S,x,O,UNK,UNK
NUM,S,x,B-Disease,UNK,UNK
α,S,x,I-Disease,UNK,UNK
-,S,x,I-Disease,UNK,UNK
还,B,n,I-Disease,辶,huán
原,M,n,I-Disease,厂,yuán
酶,E,n,I-Disease,酉,méi
缺,B,n,I-Disease,缶,quē
乏,M,n,I-Disease,丿,fá
症,E,n,I-Disease,疒,zhèng
",",S,x,O,UNK,UNK
sep,sep,sep,sep,sep,sep
最,B,f,O,曰,zuì
后,E,f,O,口,hòu
基,S,a,B-Test,土,jī
LB,S,x,I-Test,UNK,UNK
因,S,p,I-Test,囗,yīn
突,B,v,I-Test,穴,tū
变,E,v,I-Test,又,biàn
检,B,vn,I-Test,木,jiǎn
测,E,vn,I-Test,氵,cè
证,B,n,O,讠,zhèng
实,E,n,O,宀,shí
该,S,r,O,讠,gāi
临,B,vn,O,丨,lín
床,E,vn,O,广,chuáng
推,B,v,O,扌,tuī
断,E,v,O,斤,duàn
。,S,x,O,UNK,UNK
sep,sep,sep,sep,sep,sep
SPACE,S,x,O,UNK,UNK
病,B,n,O,疒,bìng
例,E,n,O,亻,lì
SPACE,S,x,O,UNK,UNK
NUM,S,x,O,UNK,UNK
SPACE,S,x,O,UNK,UNK
是,S,v,O,日,shì
一,B,m,O,一,yī
位,E,m,O,亻,wèi
月,B,n,B-Symptom,月,yuè
经,E,n,I-Symptom,纟,jīng
紊,B,a,I-Symptom,糸,wěn
乱,E,a,I-Symptom,乙,luàn
LB,S,x,O,UNK,UNK
NUM,B,m,B-Duration,UNK,UNK
NUM,E,m,I-Duration,UNK,UNK
SPACE,S,x,I-Duration,UNK,UNK
年,S,m,I-Duration,干,nián
、,S,x,O,UNK,UNK
皮,B,n,B-Symptom,皮,pí
肤,E,n,I-Symptom,月,fū
变,B,v,I-Symptom,又,biàn
黑,E,v,I-Symptom,黑,hēi
声,B,n,B-Symptom,士,shēng
音,E,n,I-Symptom,音,yīn
低,B,a,I-Symptom,亻,dī
沉,E,a,I-Symptom,氵,chén
和,S,c,O,口,hé
闭,B,v,B-Symptom,门,bì
经,E,v,I-Symptom,纟,jīng
SPACE,S,x,O,UNK,UNK
NUM,S,x,B-Duration,UNK,UNK
SPACE,S,x,I-Duration,UNK,UNK
年,S,m,I-Duration,干,nián
的,S,uj,O,白,dí
SPACE,S,x,O,UNK,UNK
NUM,B,m,O,UNK,UNK
NUM,E,m,O,UNK,UNK
SPACE,S,x,O,UNK,UNK
岁,S,m,O,山,suì
女,B,n,O,女,nǚ
性,E,n,O,忄,xìng
。,S,x,O,UNK,UNK
sep,sep,sep,sep,sep,sep
LB,S,x,O,UNK,UNK
患,B,n,O,心,huàn
者,E,n,O,耂,zhě
表,B,v,O,衣,biǎo
现,E,v,O,见,xiàn
为,S,p,O,丶,wéi
显,B,a,B-Symptom,日,xiǎn
著,E,a,I-Symptom,艹,zhù
男,B,n,I-Symptom,田,nán
性,M,n,I-Symptom,忄,xìng
化,E,n,I-Symptom,亻,huà
体,B,n,I-Symptom,亻,tǐ
征,E,n,I-Symptom,彳,zhēng
",",S,x,O,UNK,UNK
sep,sep,sep,sep,sep,sep
化,B,n,O,亻,huà
验,E,n,O,马,yàn
显,B,v,O,日,xiǎn
示,E,v,O,示,shì
为,S,p,O,丶,wéi
显,B,a,B-Level,日,xiǎn
著,E,a,I-Level,艹,zhù
高,B,nr,B-Disease,高,gāo
雄,E,nr,I-Disease,隹,xióng
激,S,v,I-Disease,氵,jī
LB,S,x,I-Disease,UNK,UNK
素,S,n,I-Disease,糸,sù
血,B,n,I-Disease,血,xiě
症,E,n,I-Disease,疒,zhèng
(,S,x,O,UNK,UNK
睾,B,n,B-Test,目,gāo
酮,E,n,I-Test,酉,tóng
SPACE,S,x,O,UNK,UNK
NUM,B,m,B-Test_Value,UNK,UNK
NUM,M,m,I-Test_Value,UNK,UNK
.,E,m,I-Test_Value,UNK,UNK
SPACE,S,x,I-Test_Value,UNK,UNK
NUM,B,m,I-Test_Value,UNK,UNK
NUM,E,m,I-Test_Value,UNK,UNK
SPACE,S,x,I-Test_Value,UNK,UNK
n,B,eng,I-Test_Value,UNK,UNK
m,M,eng,I-Test_Value,UNK,UNK
m,M,eng,I-Test_Value,UNK,UNK
o,M,eng,I-Test_Value,UNK,UNK
l,E,eng,I-Test_Value,UNK,UNK
SPACE,S,x,I-Test_Value,UNK,UNK
/,S,x,I-Test_Value,UNK,UNK
SPACE,S,x,I-Test_Value,UNK,UNK
L,S,x,I-Test_Value,UNK,UNK
),S,x,O,UNK,UNK
",",S,x,O,UNK,UNK
sep,sep,sep,sep,sep,sep
但,S,c,O,亻,dàn
血,B,n,B-Test,血,xiě
清,E,n,I-Test,氵,qīng
SPACE,S,x,I-Test,UNK,UNK
A,B,eng,I-Test,UNK,UNK
C,M,eng,I-Test,UNK,UNK
T,M,eng,I-Test,UNK,UNK
H,E,eng,I-Test,UNK,UNK
SPACE,S,x,O,UNK,UNK
和,S,c,O,口,hé
游,B,n,B-Test,氵,yóu
离,E,n,I-Test,亠,lí
LB,S,x,I-Test,UNK,UNK
皮,B,n,I-Test,皮,pí
质,M,n,I-Test,贝,zhì
醇,E,n,I-Test,酉,chún
浓,B,n,I-Test,氵,nóng
度,E,n,I-Test,广,dù
及,S,c,I-Test,又,jí
节,B,n,I-Test,艹,jié
律,E,n,I-Test,彳,lǜ
基,B,n,O,土,jī
本,E,n,O,木,běn
正,B,d,O,止,zhèng
常,E,d,O,巾,cháng
",",S,x,O,UNK,UNK
sep,sep,sep,sep,sep,sep
临,B,vn,O,丨,lín
床,E,vn,O,广,chuáng
推,B,v,O,扌,tuī
断,E,v,O,斤,duàn
高,S,a,B-Symptom,高,gāo
雄,B,n,I-Symptom,隹,xióng
激,M,n,I-Symptom,氵,jī
素,E,n,I-Symptom,糸,sù
极,S,d,O,木,jí
有,S,v,O,月,yǒu
LB,S,x,O,UNK,UNK
可,B,v,O,口,kě
能,E,v,O,月,néng
来,B,v,O,木,lái
源,M,v,O,氵,yuán
于,E,v,O,二,yú
卵,B,n,B-Anatomy,卩,luǎn
巢,E,n,I-Anatomy,巛,cháo
分,B,v,O,刀,fēn
泌,E,v,O,氵,mì
",",S,x,O,UNK,UNK
sep,sep,sep,sep,sep,sep
但,S,c,O,亻,dàn
应,B,v,O,广,yīng
用,E,v,O,用,yòng
选,B,n,B-Test,辶,xuǎn
择,M,n,I-Test,扌,zé
性,E,n,I-Test,忄,xìng
静,B,n,I-Test,青,jìng
脉,E,n,I-Test,月,mài
分,B,n,I-Test,刀,fēn
段,E,n,I-Test,殳,duàn
取,B,v,I-Test,又,qǔ
血,E,v,I-Test,血,xiě
也,S,d,O,乙,yě
LB,S,x,O,UNK,UNK
未,S,d,O,木,wèi
定,B,n,O,宀,dìng
位,E,n,O,亻,wèi
成,B,a,O,戈,chéng
功,E,a,O,力,gōng
",",S,x,O,UNK,UNK
sep,sep,sep,sep,sep,sep
遂,B,v,O,辶,suì
行,E,v,O,行,háng
腹,B,n,B-Test,月,fù
腔,M,n,I-Test,月,qiāng
镜,E,n,I-Test,钅,jìng
检,B,vn,I-Test,木,jiǎn
查,E,vn,I-Test,木,chá
",",S,x,O,UNK,UNK
sep,sep,sep,sep,sep,sep
发,B,v,O,又,fā
现,E,v,O,见,xiàn
右,B,f,B-Anatomy,口,yòu
侧,E,f,I-Anatomy,亻,cè
卵,B,n,I-Anatomy,卩,luǎn
巢,E,n,I-Anatomy,巛,cháo
可,B,v,O,口,kě
疑,E,v,O,疋,yí
",",S,x,O,UNK,UNK
sep,sep,sep,sep,sep,sep
切,S,v,O,刀,qiē
LB,S,x,O,UNK,UNK
开,S,v,O,廾,kāi
右,B,f,B-Anatomy,口,yòu
侧,E,f,I-Anatomy,亻,cè
卵,B,n,I-Anatomy,卩,luǎn
巢,E,n,I-Anatomy,巛,cháo
发,B,v,O,又,fā
现,E,v,O,见,xiàn
肿,B,n,B-Disease,月,zhǒng
瘤,E,n,I-Disease,疒,liú
并,B,v,O,干,bìng
行,E,v,O,行,háng
活,B,v,B-Test,氵,huó
检,E,v,I-Test,木,jiǎn
",",S,x,O,UNK,UNK
sep,sep,sep,sep,sep,sep
病,B,n,B-Test,疒,bìng
理,E,n,I-Test,王,lǐ
为,S,p,O,丶,wéi
类,B,n,B-Disease,米,lèi
固,M,n,I-Disease,囗,gù
醇,E,n,I-Disease,酉,chún
细,B,n,I-Disease,纟,xì
胞,E,n,I-Disease,月,bāo
类,S,q,I-Disease,米,lèi
LB,S,x,I-Disease,UNK,UNK
肿,B,n,I-Disease,月,zhǒng
瘤,E,n,I-Disease,疒,liú
",",S,x,O,UNK,UNK
sep,sep,sep,sep,sep,sep
形,B,n,O,彡,xíng
态,E,n,O,心,tài
符,B,v,O,竹,fú
合,E,v,O,口,hé
SPACE,S,x,O,UNK,UNK
L,B,eng,B-Disease,UNK,UNK
e,M,eng,I-Disease,UNK,UNK
y,M,eng,I-Disease,UNK,UNK
d,M,eng,I-Disease,UNK,UNK
i,M,eng,I-Disease,UNK,UNK
g,E,eng,I-Disease,UNK,UNK
SPACE,S,x,I-Disease,UNK,UNK
细,B,n,I-Disease,纟,xì
胞,E,n,I-Disease,月,bāo
瘤,S,n,I-Disease,疒,liú
。,S,x,O,UNK,UNK
sep,sep,sep,sep,sep,sep
SPACE,S,x,O,UNK,UNK
肿,B,n,B-Operation,月,zhǒng
瘤,E,n,I-Operation,疒,liú
全,B,ad,I-Operation,入,quán
切,E,ad,I-Operation,刀,qiē
后,S,f,O,口,hòu
血,B,n,B-Test,血,xiě
清,E,n,I-Test,氵,qīng
睾,B,n,I-Test,目,gāo
酮,E,n,I-Test,酉,tóng
LB,S,x,O,UNK,UNK
水,B,n,O,水,shuǐ
平,E,n,O,干,píng
显,B,a,O,日,xiǎn
著,E,a,O,艹,zhù
下,B,v,O,一,xià
降,E,v,O,阝,jiàng
(,S,x,O,UNK,UNK
<,S,x,B-Test_Value,UNK,UNK
NUM,B,m,I-Test_Value,UNK,UNK
.,E,m,I-Test_Value,UNK,UNK
SPACE,S,x,I-Test_Value,UNK,UNK
NUM,B,m,I-Test_Value,UNK,UNK
NUM,E,m,I-Test_Value,UNK,UNK
SPACE,S,x,I-Test_Value,UNK,UNK
m,B,eng,I-Test_Value,UNK,UNK
m,M,eng,I-Test_Value,UNK,UNK
o,M,eng,I-Test_Value,UNK,UNK
l,E,eng,I-Test_Value,UNK,UNK
SPACE,S,x,I-Test_Value,UNK,UNK
/,S,x,I-Test_Value,UNK,UNK
SPACE,S,x,I-Test_Value,UNK,UNK
L,S,x,I-Test_Value,UNK,UNK
),S,x,O,UNK,UNK
",",S,x,O,UNK,UNK
sep,sep,sep,sep,sep,sep
术,B,t,O,木,shù
后,E,t,O,口,hòu
SPACE,S,x,O,UNK,UNK
NUM,S,x,O,UNK,UNK
SPACE,S,x,O,UNK,UNK
个,S,m,O,人,gè
月,S,m,O,月,yuè
后,S,f,O,口,hòu
月,B,n,O,月,yuè
经,E,n,O,纟,jīng
自,S,p,O,自,zì
LB,S,x,O,UNK,UNK
然,S,c,O,灬,rán
恢,B,v,O,忄,huī
复,E,v,O,夂,fù
。,S,x,O,UNK,UNK
sep,sep,sep,sep,sep,sep
SPACE,S,x,O,UNK,UNK
术,B,t,B-Test,木,shù
后,E,t,I-Test,口,hòu
病,B,n,I-Test,疒,bìng
理,E,n,I-Test,王,lǐ
和,S,c,O,口,hé
反,B,vn,O,又,fǎn
应,E,vn,O,广,yīng
印,B,j,O,卩,yìn
证,E,j,O,讠,zhèng
了,S,ul,O,乙,liǎo
临,B,vn,O,丨,lín
床,E,vn,O,广,chuáng
推,B,v,O,扌,tuī
断,E,v,O,斤,duàn
。,S,x,O,UNK,UNK
sep,sep,sep,sep,sep,sep
SPACE,S,x,O,UNK,UNK
病,B,n,O,疒,bìng
例,E,n,O,亻,lì
SPACE,S,x,O,UNK,UNK
NUM,S,x,O,UNK,UNK
SPACE,S,x,O,UNK,UNK
是,S,v,O,日,shì
LB,S,x,O,UNK,UNK
一,B,m,O,一,yī
位,E,m,O,亻,wèi
阴,B,n,B-Symptom,阝,yīn
茎,E,n,I-Symptom,艹,jīng
睾,B,n,I-Symptom,目,gāo
丸,E,n,I-Symptom,丿,wán
增,B,v,I-Symptom,土,zēng
大,E,v,I-Symptom,大,dà
迅,B,ad,I-Symptom,辶,xùn
速,E,ad,I-Symptom,辶,sù
、,S,x,O,UNK,UNK
身,B,v,B-Test,身,shēn
高,E,v,I-Test,高,gāo
骤,B,v,I-Symptom,马,zhòu
长,E,v,I-Symptom,长,cháng
的,S,uj,O,白,dí
SPACE,S,x,O,UNK,UNK
NUM,S,x,O,UNK,UNK
SPACE,S,x,O,UNK,UNK
岁,S,m,O,山,suì
男,B,n,O,田,nán
性,E,n,O,忄,xìng
患,B,n,O,心,huàn
儿,E,n,O,儿,ér
。,S,x,O,UNK,UNK
sep,sep,sep,sep,sep,sep
LB,S,x,O,UNK,UNK
化,B,n,O,亻,huà
验,E,n,O,马,yàn
检,B,vn,O,木,jiǎn
查,E,vn,O,木,chá
显,B,v,O,日,xiǎn
示,E,v,O,示,shì
SPACE,S,x,O,UNK,UNK
L,B,eng,B-Test,UNK,UNK
H,E,eng,I-Test,UNK,UNK
、,S,x,O,UNK,UNK
F,B,eng,B-Test,UNK,UNK
S,M,eng,I-Test,UNK,UNK
H,E,eng,I-Test,UNK,UNK
、,S,x,O,UNK,UNK
睾,B,n,B-Test,目,gāo
酮,E,n,I-Test,酉,tóng
均,S,d,O,土,jūn
达,B,v,O,辶,dá
到,E,v,O,刂,dào
青,B,t,O,青,qīng
春,M,t,O,日,chūn
期,E,t,O,月,qī
水,B,n,O,水,shuǐ
平,E,n,O,干,píng
",",S,x,O,UNK,UNK
sep,sep,sep,sep,sep,sep
临,B,vn,O,丨,lín
床,E,vn,O,广,chuáng
LB,S,x,O,UNK,UNK
检,B,vn,O,木,jiǎn
查,E,vn,O,木,chá
除,B,c,O,阝,chú
外,E,c,O,夕,wài
SPACE,S,x,O,UNK,UNK
NUM,B,m,B-Disease,UNK,UNK
NUM,E,m,I-Disease,UNK,UNK
α,S,x,I-Disease,UNK,UNK
-,S,x,I-Disease,UNK,UNK
羟,B,nz,I-Disease,羊,qiǎng
化,M,nz,I-Disease,亻,huà
酶,E,nz,I-Disease,酉,méi
缺,B,n,I-Disease,缶,quē
乏,M,n,I-Disease,丿,fá
症,E,n,I-Disease,疒,zhèng
、,S,x,O,UNK,UNK
假,B,n,B-Disease,亻,jiǎ
性,E,n,I-Disease,忄,xìng
性,B,l,I-Disease,忄,xìng
早,M,l,I-Disease,日,zǎo
熟,E,l,I-Disease,灬,shú
、,S,x,O,UNK,UNK
颅,B,s,B-Disease,页,lú
内,E,s,I-Disease,冂,nèi
器,B,n,I-Disease,口,qì
质,E,n,I-Disease,贝,zhì
LB,S,x,I-Disease,UNK,UNK
性,B,n,I-Disease,忄,xìng
病,M,n,I-Disease,疒,bìng
变,E,n,I-Disease,又,biàn
等,S,u,O,竹,děng
",",S,x,O,UNK,UNK
sep,sep,sep,sep,sep,sep
诊,B,v,O,讠,zhěn
断,E,v,O,斤,duàn
特,B,n,B-Disease,牜,tè
发,M,n,I-Disease,又,fā
性,E,n,I-Disease,忄,xìng
真,B,n,I-Disease,目,zhēn
性,E,n,I-Disease,忄,xìng
性,B,l,I-Disease,忄,xìng
早,M,l,I-Disease,日,zǎo
熟,E,l,I-Disease,灬,shú
。,S,x,O,UNK,UNK
sep,sep,sep,sep,sep,sep
SPACE,S,x,O,UNK,UNK
在,S,p,O,土,zài
应,B,v,O,广,yīng
用,E,v,O,用,yòng
促,B,l,B-Drug,亻,cù
性,M,l,I-Drug,忄,xìng
腺,M,l,I-Drug,月,xiàn
激,E,l,I-Drug,氵,jī
LB,S,x,I-Drug,UNK,UNK
素,S,n,I-Drug,糸,sù
释,B,v,I-Drug,采,shì
放,E,v,I-Drug,攵,fàng
激,B,n,I-Drug,氵,jī
素,E,n,I-Drug,糸,sù
类,B,n,I-Drug,米,lèi
似,M,n,I-Drug,亻,sì
物,E,n,I-Drug,牜,wù
(,S,x,O,UNK,UNK
G,B,eng,B-Drug,UNK,UNK
n,M,eng,I-Drug,UNK,UNK
R,M,eng,I-Drug,UNK,UNK
H,M,eng,I-Drug,UNK,UNK
a,E,eng,I-Drug,UNK,UNK
),S,x,O,UNK,UNK
NUM,B,m,B-Amount,UNK,UNK
.,E,m,I-Amount,UNK,UNK
SPACE,S,x,I-Amount,UNK,UNK
NUM,B,m,I-Amount,UNK,UNK
NUM,E,m,I-Amount,UNK,UNK
SPACE,S,x,I-Amount,UNK,UNK
m,B,eng,I-Amount,UNK,UNK
g,E,eng,I-Amount,UNK,UNK
SPACE,S,x,I-Amount,UNK,UNK
/,S,x,I-Amount,UNK,UNK
次,S,q,I-Amount,欠,cì
治,B,v,O,氵,zhì
疗,E,v,O,疒,liáo
后,S,f,O,口,hòu
",",S,x,O,UNK,UNK
sep,sep,sep,sep,sep,sep
患,B,n,O,心,huàn
儿,E,n,O,儿,ér
LB,S,x,O,UNK,UNK
阴,B,n,B-Test,阝,yīn
茎,E,n,I-Test,艹,jīng
长,B,ns,I-Test,长,cháng
度,E,ns,I-Test,广,dù
略,S,d,O,田,lüè
回,B,v,O,囗,huí
缩,E,v,O,纟,suō
",",S,x,O,UNK,UNK
sep,sep,sep,sep,sep,sep
但,S,c,O,亻,dàn
生,B,n,B-Symptom,生,shēng
长,E,n,I-Symptom,长,cháng
速,B,n,I-Symptom,辶,sù
度,E,n,I-Symptom,广,dù
未,S,d,I-Symptom,木,wèi
明,B,a,I-Symptom,日,míng
显,E,a,I-Symptom,日,xiǎn
减,B,v,I-Symptom,冫,jiǎn
缓,E,v,I-Symptom,纟,huǎn
且,S,zg,O,一,qiě
睾,B,n,B-Test,目,gāo
丸,E,n,I-Test,丿,wán
容,B,n,I-Test,宀,róng
积,E,n,I-Test,禾,jī
LB,S,x,O,UNK,UNK
下,B,v,O,一,xià
降,E,v,O,阝,jiàng
不,S,d,O,一,bù
明,B,a,O,日,míng
显,E,a,O,日,xiǎn
",",S,x,O,UNK,UNK
sep,sep,sep,sep,sep,sep
睾,B,n,B-Test,目,gāo
酮,E,n,I-Test,酉,tóng
水,B,n,O,水,shuǐ
平,E,n,O,干,píng
下,B,v,B-Test_Value,一,xià
降,E,v,I-Test_Value,阝,jiàng
仍,S,zg,O,亻,réng
处,B,v,O,夂,chǔ
于,E,v,O,二,yú
青,B,t,O,青,qīng
春,M,t,O,日,chūn
期,E,t,O,月,qī
水,B,n,O,水,shuǐ
平,E,n,O,干,píng
。,S,x,O,UNK,UNK
sep,sep,sep,sep,sep,sep
SPACE,S,x,O,UNK,UNK
综,B,vn,O,纟,zōng
合,E,vn,O,口,hé
LB,S,x,O,UNK,UNK
临,B,vn,O,丨,lín
床,E,vn,O,广,chuáng
资,B,n,O,贝,zī
料,E,n,O,斗,liào
",",S,x,O,UNK,UNK
sep,sep,sep,sep,sep,sep
考,B,v,O,耂,kǎo
虑,E,v,O,虍,lǜ
诊,B,v,O,讠,zhěn
断,E,v,O,斤,duàn
为,S,p,O,丶,wéi
家,B,nz,B-Disease,宀,jiā
族,E,nz,I-Disease,方,zú
性,B,n,I-Disease,忄,xìng
限,E,n,I-Disease,阝,xiàn
男,B,n,I-Disease,田,nán
性,E,n,I-Disease,忄,xìng
非,S,h,I-Disease,非,fēi
SPACE,S,x,I-Disease,UNK,UNK
G,B,eng,I-Disease,UNK,UNK
n,M,eng,I-Disease,UNK,UNK
R,M,eng,I-Disease,UNK,UNK
H,E,eng,I-Disease,UNK,UNK
SPACE,S,x,I-Disease,UNK,UNK
依,B,n,I-Disease,亻,yī
赖,M,n,I-Disease,贝,lài
型,E,n,I-Disease,土,xíng
LB,S,x,I-Disease,UNK,UNK
性,B,l,I-Disease,忄,xìng
早,M,l,I-Disease,日,zǎo
熟,E,l,I-Disease,灬,shú
(,S,x,O,UNK,UNK
F,B,eng,B-Disease,UNK,UNK
M,M,eng,I-Disease,UNK,UNK
P,M,eng,I-Disease,UNK,UNK
P,E,eng,I-Disease,UNK,UNK
),S,x,O,UNK,UNK
",",S,x,O,UNK,UNK
sep,sep,sep,sep,sep,sep
最,B,f,O,曰,zuì
后,E,f,O,口,hòu
基,B,n,B-Test,土,jī
因,E,n,I-Test,囗,yīn
检,B,vn,I-Test,木,jiǎn
测,E,vn,I-Test,氵,cè
证,B,n,O,讠,zhèng
实,E,n,O,宀,shí
该,S,r,O,讠,gāi
诊,B,v,O,讠,zhěn
断,E,v,O,斤,duàn
。,S,x,O,UNK,UNK
sep,sep,sep,sep,sep,sep
SPACE,S,x,O,UNK,UNK
遂,S,d,O,辶,suì
调,B,vn,O,讠,tiáo
整,E,vn,O,攵,zhěng
LB,S,x,O,UNK,UNK
治,B,v,O,氵,zhì
疗,E,v,O,疒,liáo
思,B,n,O,心,sī
路,E,n,O,足,lù
",",S,x,O,UNK,UNK
sep,sep,sep,sep,sep,sep
在,S,p,O,土,zài
继,B,v,O,纟,jì
续,E,v,O,纟,xù
应,B,v,O,广,yīng
用,E,v,O,用,yòng
SPACE,S,x,O,UNK,UNK
G,B,eng,B-Treatment,UNK,UNK
n,M,eng,I-Treatment,UNK,UNK
R,M,eng,I-Treatment,UNK,UNK
H,M,eng,I-Treatment,UNK,UNK
a,E,eng,I-Treatment,UNK,UNK
SPACE,S,x,I-Treatment,UNK,UNK
治,B,v,I-Treatment,氵,zhì
疗,E,v,I-Treatment,疒,liáo
的,S,uj,O,白,dí
基,B,n,O,土,jī
础,E,n,O,石,chǔ
上,S,f,O,一,shàng
",",S,x,O,UNK,UNK
sep,sep,sep,sep,sep,sep
交,B,v,O,亠,jiāo
替,E,v,O,曰,tì
应,S,v,O,广,yīng
LB,S,x,O,UNK,UNK
用,S,p,O,用,yòng
芳,B,nz,B-Drug,艹,fāng
香,M,nz,I-Drug,香,xiāng
化,E,nz,I-Drug,亻,huà
酶,S,n,I-Drug,酉,méi
抑,B,nz,I-Drug,扌,yì
制,M,nz,I-Drug,刂,zhì
剂,E,nz,I-Drug,刂,jì
、,S,x,O,UNK,UNK
雄,B,n,B-Drug,隹,xióng
激,M,n,I-Drug,氵,jī
素,E,n,I-Drug,糸,sù
受,B,n,I-Drug,又,shòu
体,E,n,I-Drug,亻,tǐ
拮,B,n,I-Drug,扌,jié
抗,M,n,I-Drug,扌,kàng
剂,E,n,I-Drug,刂,jì
、,S,x,O,UNK,UNK
抑,B,v,B-Drug,扌,yì
制,E,v,I-Drug,刂,zhì
雄,B,n,I-Drug,隹,xióng
激,M,n,I-Drug,氵,jī
素,E,n,I-Drug,糸,sù
合,S,v,I-Drug,口,hé
LB,S,x,I-Drug,UNK,UNK
成,S,n,I-Drug,戈,chéng
",",S,x,O,UNK,UNK
sep,sep,sep,sep,sep,sep
病,B,n,O,疒,bìng
情,E,n,O,忄,qíng
得,B,v,O,彳,dé
到,E,v,O,刂,dào
缓,B,v,O,纟,huǎn
解,E,v,O,角,jiě
。,S,x,O,UNK,UNK
sep,sep,sep,sep,sep,sep
LB,S,x,O,UNK,UNK
大,B,n,O,大,dà
会,E,n,O,人,huì
期,B,f,O,月,qī
间,E,f,O,门,jiān
还,S,d,O,辶,huán
举,B,v,O,丶,jǔ
行,E,v,O,行,háng
了,S,ul,O,乙,liǎo
学,B,n,O,子,xué
组,E,n,O,纟,zǔ
会,B,n,O,人,huì
议,E,n,O,讠,yì
",",S,x,O,UNK,UNK
sep,sep,sep,sep,sep,sep
会,B,n,O,人,huì
议,E,n,O,讠,yì
由,S,p,O,田,yóu
学,S,n,O,子,xué
组,B,n,O,纟,zǔ
组,M,n,O,纟,zǔ
长,E,n,O,长,cháng
窦,S,zg,O,穴,dòu
LB,S,x,O,UNK,UNK
京,S,j,O,亠,jīng
涛,S,nr,O,氵,tāo
教,B,n,O,攵,jiào
授,E,n,O,扌,shòu
主,B,v,O,丶,zhǔ
持,E,v,O,扌,chí
。,S,x,O,UNK,UNK
sep,sep,sep,sep,sep,sep
SPACE,S,x,O,UNK,UNK
会,B,n,O,人,huì
议,E,n,O,讠,yì
议,B,n,O,讠,yì
题,E,n,O,页,tí
包,B,v,O,勹,bāo
括,E,v,O,扌,kuò
:,S,x,O,UNK,UNK
(,S,x,O,UNK,UNK
NUM,S,x,O,UNK,UNK
),S,x,O,UNK,UNK
分,B,vn,O,刀,fēn
析,E,vn,O,木,xī
了,S,ul,O,乙,liǎo
目,B,t,O,目,mù
前,E,t,O,刂,qián
国,B,s,O,囗,guó
内,E,s,O,冂,nèi
LB,S,x,O,UNK,UNK
内,B,n,B-Disease,冂,nèi
分,M,n,I-Disease,刀,fēn
泌,E,n,I-Disease,氵,mì
性,B,n,I-Disease,忄,xìng
腺,E,n,I-Disease,月,xiàn
疾,B,n,I-Disease,疒,jí
病,E,n,I-Disease,疒,bìng
的,S,uj,O,白,dí
严,B,a,O,一,yán
峻,E,a,O,山,jùn
形,B,n,O,彡,xíng
式,E,n,O,弋,shì
:,S,x,O,UNK,UNK
性,B,n,B-Disease,忄,xìng
腺,E,n,I-Disease,月,xiàn
内,B,n,I-Disease,冂,nèi
分,M,n,I-Disease,刀,fēn
泌,E,n,I-Disease,氵,mì
疾,B,n,I-Disease,疒,jí
病,E,n,I-Disease,疒,bìng
、,S,x,O,UNK,UNK
特,B,d,O,牜,tè
别,E,d,O,刂,bié
是,S,v,O,日,shì
LB,S,x,O,UNK,UNK
性,S,n,B-Disease,忄,xìng
分,B,vn,I-Disease,刀,fēn
化,E,vn,I-Disease,亻,huà
异,B,d,I-Disease,廾,yì
常,E,d,I-Disease,巾,cháng
疾,B,n,I-Disease,疒,jí
病,E,n,I-Disease,疒,bìng
",",S,x,O,UNK,UNK
sep,sep,sep,sep,sep,sep
一,B,d,O,一,yī
旦,E,d,O,日,dàn
不,B,v,O,一,bù
能,E,v,O,月,néng
得,B,v,O,彳,dé
到,E,v,O,刂,dào
正,B,ad,O,止,zhèng
确,E,ad,O,石,què
的,S,uj,O,白,dí
诊,B,v,O,讠,zhěn
断,E,v,O,斤,duàn
和,S,c,O,口,hé
治,B,v,O,氵,zhì
疗,E,v,O,疒,liáo
",",S,x,O,UNK,UNK
sep,sep,sep,sep,sep,sep
将,S,d,O,寸,jiāng
LB,S,x,O,UNK,UNK
会,S,v,O,人,huì
影,B,vn,O,彡,yǐng
响,E,vn,O,口,xiǎng
患,B,n,O,心,huàn
者,E,n,O,耂,zhě
今,B,t,O,人,jīn
后,E,t,O,口,hòu
的,S,uj,O,白,dí
社,B,n,O,礻,shè
会,E,n,O,人,huì
性,B,n,O,忄,xìng
别,E,n,O,刂,bié
定,B,n,O,宀,dìng
位,E,n,O,亻,wèi
。,S,x,O,UNK,UNK
sep,sep,sep,sep,sep,sep
SPACE,S,x,O,UNK,UNK
错,B,n,O,钅,cuò
误,E,n,O,讠,wù
的,S,uj,O,白,dí
社,B,n,O,礻,shè
会,E,n,O,人,huì
性,B,n,O,忄,xìng
别,E,n,O,刂,bié
定,S,v,O,宀,dìng
LB,S,x,O,UNK,UNK
位,S,q,O,亻,wèi
不,B,v,O,一,bù
能,E,v,O,月,néng
得,B,v,O,彳,dé
到,E,v,O,刂,dào
正,B,ad,O,止,zhèng
确,E,ad,O,石,què
施,B,v,O,方,shī
治,E,v,O,氵,zhì
",",S,x,O,UNK,UNK
sep,sep,sep,sep,sep,sep
将,S,d,O,寸,jiāng
会,S,v,O,人,huì
给,S,p,O,纟,gěi
患,B,n,O,心,huàn
者,E,n,O,耂,zhě
及,B,c,O,又,jí
其,E,c,O,八,qí
家,B,n,O,宀,jiā
庭,E,n,O,广,tíng
带,B,v,O,巾,dài
来,E,v,O,木,lái
极,B,a,O,木,jí
大,E,a,O,大,dà
LB,S,x,O,UNK,UNK
的,S,uj,O,白,dí
精,B,n,O,米,jīng
神,M,n,O,礻,shén
创,M,n,O,刂,chuàng
伤,E,n,O,亻,shāng
。,S,x,O,UNK,UNK
sep,sep,sep,sep,sep,sep
SPACE,S,x,O,UNK,UNK
内,B,n,B-Disease,冂,nèi
分,M,n,I-Disease,刀,fēn
泌,E,n,I-Disease,氵,mì
性,B,n,I-Disease,忄,xìng
腺,E,n,I-Disease,月,xiàn
疾,B,n,I-Disease,疒,jí
病,E,n,I-Disease,疒,bìng
的,S,uj,O,白,dí
患,B,n,O,心,huàn
病,M,n,O,疒,bìng
率,E,n,O,玄,shuài
虽,B,c,O,虫,suī
然,E,c,O,灬,rán
低,S,a,O,亻,dī
",",S,x,O,UNK,UNK
sep,sep,sep,sep,sep,sep
但,B,c,O,亻,dàn
是,E,c,O,日,shì
LB,S,x,O,UNK,UNK
由,B,c,O,田,yóu
于,E,c,O,二,yú
我,B,r,O,戈,wǒ
国,E,r,O,囗,guó
人,B,n,O,人,rén
口,M,n,O,口,kǒu
基,M,n,O,土,jī
数,E,n,O,攵,shù
大,S,a,O,大,dà
",",S,x,O,UNK,UNK
sep,sep,sep,sep,sep,sep
性,B,n,B-Disease,忄,xìng
腺,E,n,I-Disease,月,xiàn
疾,B,n,I-Disease,疒,jí
病,E,n,I-Disease,疒,bìng
患,B,n,O,心,huàn
者,E,n,O,耂,zhě
绝,B,d,O,纟,jué
对,E,d,O,寸,duì
数,B,n,O,攵,shù
量,E,n,O,里,liáng
并,S,c,O,干,bìng
不,B,d,O,一,bù
少,E,d,O,小,shǎo
",",S,x,O,UNK,UNK
sep,sep,sep,sep,sep,sep
LB,S,x,O,UNK,UNK
而,S,c,O,而,ér
不,B,a,O,一,bù
同,E,a,O,口,tóng
地,B,n,O,土,dì
区,E,n,O,匚,qū
之,B,f,O,丶,zhī
间,E,f,O,门,jiān
医,B,n,O,匚,yī
疗,E,n,O,疒,liáo
水,B,n,O,水,shuǐ
平,E,n,O,干,píng
差,B,n,O,工,chà
距,E,n,O,足,jù
大,S,a,O,大,dà
",",S,x,O,UNK,UNK
sep,sep,sep,sep,sep,sep
基,B,n,O,土,jī
层,E,n,O,尸,céng
内,B,n,O,冂,nèi
分,M,n,O,刀,fēn
泌,E,n,O,氵,mì
专,B,n,O,一,zhuān
科,E,n,O,禾,kē
医,S,n,O,匚,yī
LB,S,x,O,UNK,UNK
生,S,vn,O,生,shēng
对,B,p,O,寸,duì
于,E,p,O,二,yú
性,B,n,B-Disease,忄,xìng
腺,E,n,I-Disease,月,xiàn
疾,B,n,I-Disease,疒,jí
病,E,n,I-Disease,疒,bìng
的,S,uj,O,白,dí
诊,B,v,O,讠,zhěn
断,E,v,O,斤,duàn
和,S,c,O,口,hé
治,B,v,O,氵,zhì
疗,E,v,O,疒,liáo
缺,B,v,O,缶,quē
乏,E,v,O,丿,fá
深,B,v,O,氵,shēn
入,E,v,O,入,rù
了,B,v,O,乙,liǎo
解,E,v,O,角,jiě
。,S,x,O,UNK,UNK
sep,sep,sep,sep,sep,sep
SPACE,S,x,O,UNK,UNK
(,S,x,O,UNK,UNK
NUM,S,x,O,UNK,UNK
),S,x,O,UNK,UNK
指,S,n,O,扌,zhǐ
LB,S,x,O,UNK,UNK
出,S,v,O,凵,chū
了,S,ul,O,乙,liǎo
性,B,n,O,忄,xìng
腺,E,n,O,月,xiàn
学,B,n,O,子,xué
组,E,n,O,纟,zǔ
应,B,v,O,广,yīng
当,E,v,O,彐,dāng
与,S,p,O,一,yǔ
各,B,r,O,口,gè
地,E,r,O,土,dì
医,B,n,O,匚,yī
学,M,n,O,子,xué
会,E,n,O,人,huì
进,B,v,O,辶,jìn
行,E,v,O,行,háng
联,B,v,O,耳,lián
合,E,v,O,口,hé
",",S,x,O,UNK,UNK
sep,sep,sep,sep,sep,sep
普,B,ns,O,日,pǔ
及,E,ns,O,又,jí
性,B,n,B-Disease,忄,xìng
腺,E,n,I-Disease,月,xiàn
LB,S,x,I-Disease,UNK,UNK
内,B,n,I-Disease,冂,nèi
分,M,n,I-Disease,刀,fēn
泌,E,n,I-Disease,氵,mì
疾,B,n,I-Disease,疒,jí
病,E,n,I-Disease,疒,bìng
的,S,uj,O,白,dí
诊,B,v,O,讠,zhěn
疗,E,v,O,疒,liáo
常,B,n,O,巾,cháng
规,E,n,O,见,guī
",",S,x,O,UNK,UNK
sep,sep,sep,sep,sep,sep
提,B,v,O,扌,tí
高,E,v,O,高,gāo
基,B,n,O,土,jī
层,M,n,O,尸,céng
医,M,n,O,匚,yī
院,E,n,O,阝,yuàn
性,B,n,B-Disease,忄,xìng
腺,E,n,I-Disease,月,xiàn
疾,B,n,I-Disease,疒,jí
病,E,n,I-Disease,疒,bìng
的,B,d,O,白,dí
确,E,d,O,石,què
LB,S,x,O,UNK,UNK
诊,B,n,O,讠,zhěn
率,E,n,O,玄,shuài
和,S,c,O,口,hé
正,B,ad,O,止,zhèng
确,E,ad,O,石,què
施,B,v,O,方,shī
治,E,v,O,氵,zhì
率,S,v,O,玄,shuài
。,S,x,O,UNK,UNK
sep,sep,sep,sep,sep,sep
SPACE,S,x,O,UNK,UNK
(,S,x,O,UNK,UNK
NUM,S,x,O,UNK,UNK
),S,x,O,UNK,UNK
性,B,n,B-Disease,忄,xìng
腺,E,n,I-Disease,月,xiàn
疾,B,n,I-Disease,疒,jí
病,E,n,I-Disease,疒,bìng
的,S,uj,O,白,dí
诊,B,v,O,讠,zhěn
治,E,v,O,氵,zhì
涉,B,v,O,氵,shè
及,E,v,O,又,jí
儿,B,n,O,儿,ér
科,E,n,O,禾,kē
、,S,x,O,UNK,UNK
LB,S,x,O,UNK,UNK
妇,B,n,O,女,fù
科,E,n,O,禾,kē
、,S,x,O,UNK,UNK
内,B,n,O,冂,nèi
分,M,n,O,刀,fēn
泌,M,n,O,氵,mì
科,E,n,O,禾,kē
、,S,x,O,UNK,UNK
泌,B,nz,O,氵,mì
尿,M,nz,O,尸,niào
外,M,nz,O,夕,wài
科,E,nz,O,禾,kē
、,S,x,O,UNK,UNK
整,B,l,O,攵,zhěng
形,M,l,O,彡,xíng
外,M,l,O,夕,wài
科,E,l,O,禾,kē
等,S,u,O,竹,děng
在,B,u,O,土,zài
内,E,u,O,冂,nèi
的,S,uj,O,白,dí
多,B,m,O,夕,duō
个,E,m,O,人,gè
学,S,n,O,子,xué
LB,S,x,O,UNK,UNK
科,S,n,O,禾,kē
。,S,x,O,UNK,UNK
sep,sep,sep,sep,sep,sep
SPACE,S,x,O,UNK,UNK
今,B,t,O,人,jīn
后,E,t,O,口,hòu
的,S,uj,O,白,dí
学,B,n,O,子,xué
组,E,n,O,纟,zǔ
会,B,n,O,人,huì
议,E,n,O,讠,yì
将,S,d,O,寸,jiāng
会,S,v,O,人,huì
进,B,d,O,辶,jìn
一,M,d,O,一,yī
步,E,d,O,止,bù
加,B,v,O,力,jiā
强,E,v,O,弓,qiáng
学,B,n,O,子,xué
科,E,n,O,禾,kē
之,B,f,O,丶,zhī
间,E,f,O,门,jiān
的,S,uj,O,白,dí
协,B,vn,O,十,xié
作,E,vn,O,亻,zuò
LB,S,x,O,UNK,UNK
和,S,c,O,口,hé
交,B,n,O,亠,jiāo
流,E,n,O,氵,liú
",",S,x,O,UNK,UNK
sep,sep,sep,sep,sep,sep
这,B,r,O,辶,zhè
种,E,r,O,禾,zhǒng
模,B,n,O,木,mó
式,E,n,O,弋,shì
将,S,d,O,寸,jiāng
有,B,v,O,月,yǒu
助,M,v,O,力,zhù
于,E,v,O,二,yú
全,B,n,O,入,quán
面,M,n,O,面,miàn
提,M,n,O,扌,tí
高,E,n,O,高,gāo
性,B,n,B-Disease,忄,xìng
腺,E,n,I-Disease,月,xiàn
疾,B,n,I-Disease,疒,jí
病,E,n,I-Disease,疒,bìng
领,B,n,O,页,lǐng
域,E,n,O,土,yù
的,S,uj,O,白,dí
LB,S,x,O,UNK,UNK
诊,B,v,O,讠,zhěn
疗,E,v,O,疒,liáo
水,B,n,O,水,shuǐ
平,E,n,O,干,píng
。,S,x,O,UNK,UNK
sep,sep,sep,sep,sep,sep
SPACE,S,x,O,UNK,UNK
(,S,x,O,UNK,UNK
NUM,S,x,O,UNK,UNK
),S,x,O,UNK,UNK
性,B,n,O,忄,xìng
腺,E,n,O,月,xiàn
学,B,n,O,子,xué
组,E,n,O,纟,zǔ
的,S,uj,O,白,dí
发,B,vn,O,又,fā
展,E,vn,O,尸,zhǎn
",",S,x,O,UNK,UNK
sep,sep,sep,sep,sep,sep
应,B,v,O,广,yīng
当,E,v,O,彐,dāng
遵,B,v,O,辶,zūn
循,E,v,O,彳,xún
临,B,vn,O,丨,lín
床,E,vn,O,广,chuáng
与,S,p,O,一,yǔ
科,S,n,O,禾,kē
LB,S,x,O,UNK,UNK
研,S,vn,O,石,yán
相,B,v,O,目,xiāng
结,M,v,O,纟,jié
合,E,v,O,口,hé
的,S,uj,O,白,dí
发,B,vn,O,又,fā
展,E,vn,O,尸,zhǎn
思,B,n,O,心,sī
路,E,n,O,足,lù
",",S,x,O,UNK,UNK
sep,sep,sep,sep,sep,sep
充,B,n,O,亠,chōng
分,M,n,O,刀,fēn
利,M,n,O,刂,lì
用,E,n,O,用,yòng
我,B,r,O,戈,wǒ
国,E,r,O,囗,guó
性,B,n,B-Disease,忄,xìng
腺,E,n,I-Disease,月,xiàn
内,B,n,I-Disease,冂,nèi
分,M,n,I-Disease,刀,fēn
泌,E,n,I-Disease,氵,mì
疾,B,n,I-Disease,疒,jí
病,E,n,I-Disease,疒,bìng
LB,S,x,O,UNK,UNK
患,B,n,O,心,huàn
者,E,n,O,耂,zhě
人,B,n,O,人,rén
数,E,n,O,攵,shù
众,B,m,O,人,zhòng
多,E,m,O,夕,duō
的,S,uj,O,白,dí
特,B,n,O,牜,tè
点,E,n,O,灬,diǎn
",",S,x,O,UNK,UNK
sep,sep,sep,sep,sep,sep
借,B,v,O,亻,jiè
鉴,E,v,O,金,jiàn
上,B,ns,O,一,shàng
海,E,ns,O,氵,hǎi
瑞,B,nt,O,王,ruì
金,M,nt,O,金,jīn
医,M,nt,O,匚,yī
院,E,nt,O,阝,yuàn
SPACE,S,x,O,UNK,UNK
G,B,eng,B-Treatment,UNK,UNK
n,M,eng,I-Treatment,UNK,UNK
R,M,eng,I-Treatment,UNK,UNK
H,E,eng,I-Treatment,UNK,UNK
SPACE,S,x,I-Treatment,UNK,UNK
泵,B,n,I-Treatment,水,bèng
治,E,n,I-Treatment,氵,zhì
LB,S,x,I-Treatment,UNK,UNK
疗,S,n,I-Treatment,疒,liáo
SPACE,S,x,O,UNK,UNK
I,B,eng,B-Disease,UNK,UNK
H,M,eng,I-Disease,UNK,UNK
H,E,eng,I-Disease,UNK,UNK
SPACE,S,x,O,UNK,UNK
临,B,vn,O,丨,lín
床,E,vn,O,广,chuáng
研,B,vn,O,石,yán
究,E,vn,O,穴,jiū
的,S,uj,O,白,dí
模,B,n,O,木,mó
式,E,n,O,弋,shì
;,S,x,O,UNK,UNK
sep,sep,sep,sep,sep,sep
组,B,v,O,纟,zǔ
建,E,v,O,廴,jiàn
全,B,n,O,入,quán
国,E,n,O,囗,guó
多,S,m,O,夕,duō
中,B,n,O,丨,zhōng
心,E,n,O,心,xīn
协,B,n,O,十,xié
作,M,n,O,亻,zuò
性,E,n,O,忄,xìng
研,S,vn,O,石,yán
LB,S,x,O,UNK,UNK
究,S,d,O,穴,jiū
",",S,x,O,UNK,UNK
sep,sep,sep,sep,sep,sep
就,S,d,O,尢,jiù
一,B,m,O,一,yī
些,E,m,O,二,xiē
常,B,a,O,巾,cháng
见,E,a,O,见,jiàn
的,S,uj,O,白,dí
内,B,n,B-Disease,冂,nèi
分,M,n,I-Disease,刀,fēn
泌,E,n,I-Disease,氵,mì
性,B,n,I-Disease,忄,xìng
腺,E,n,I-Disease,月,xiàn
疾,B,n,I-Disease,疒,jí
病,E,n,I-Disease,疒,bìng
开,B,v,O,廾,kāi
展,E,v,O,尸,zhǎn
研,B,vn,O,石,yán
究,E,vn,O,穴,jiū
",",S,x,O,UNK,UNK
sep,sep,sep,sep,sep,sep
获,B,v,O,艹,huò
得,E,v,O,彳,dé
国,B,s,O,囗,guó
内,E,s,O,冂,nèi
LB,S,x,O,UNK,UNK
的,S,uj,O,白,dí
确,B,ad,O,石,què
切,E,ad,O,刀,qiē
的,S,uj,O,白,dí
研,B,vn,O,石,yán
究,E,vn,O,穴,jiū
数,B,n,O,攵,shù
据,E,n,O,扌,jù
",",S,x,O,UNK,UNK
sep,sep,sep,sep,sep,sep
从,B,c,O,人,cóng
而,E,c,O,而,ér
为,S,p,O,丶,wéi
今,B,t,O,人,jīn
后,E,t,O,口,hòu
有,B,vn,O,月,yǒu
关,E,vn,O,丷,guān
内,B,n,B-Disease,冂,nèi
分,M,n,I-Disease,刀,fēn
泌,E,n,I-Disease,氵,mì
性,B,n,I-Disease,忄,xìng
腺,E,n,I-Disease,月,xiàn
疾,B,n,I-Disease,疒,jí
病,E,n,I-Disease,疒,bìng
LB,S,x,O,UNK,UNK
的,S,uj,O,白,dí
指,B,n,O,扌,zhǐ
南,E,n,O,十,nán
和,S,c,O,口,hé
共,B,n,O,八,gòng
识,E,n,O,讠,shí
的,S,uj,O,白,dí
制,B,v,O,刂,zhì
定,E,v,O,宀,dìng
奠,B,v,O,大,diàn
定,E,v,O,宀,dìng
基,B,n,O,土,jī
础,E,n,O,石,chǔ
。,S,x,O,UNK,UNK
sep,sep,sep,sep,sep,sep
LB,S,x,O,UNK,UNK
本,B,r,O,木,běn
次,E,r,O,欠,cì
会,B,n,O,人,huì
议,E,n,O,讠,yì
是,S,v,O,日,shì
性,B,n,B-Disease,忄,xìng
腺,E,n,I-Disease,月,xiàn
内,B,n,I-Disease,冂,nèi
分,M,n,I-Disease,刀,fēn
泌,E,n,I-Disease,氵,mì
疾,B,n,I-Disease,疒,jí
病,E,n,I-Disease,疒,bìng
国,B,s,O,囗,guó
内,E,s,O,冂,nèi
研,B,vn,O,石,yán
究,E,vn,O,穴,jiū
领,B,n,O,页,lǐng
域,E,n,O,土,yù
的,S,uj,O,白,dí
总,B,n,O,心,zǒng
结,E,n,O,纟,jié
LB,S,x,O,UNK,UNK
和,S,c,O,口,hé
交,B,n,O,亠,jiāo
流,E,n,O,氵,liú
大,B,n,O,大,dà
会,E,n,O,人,huì
",",S,x,O,UNK,UNK
sep,sep,sep,sep,sep,sep
会,B,n,O,人,huì
议,E,n,O,讠,yì
涵,B,v,O,氵,hán
盖,E,v,O,皿,gài
了,S,ul,O,乙,liǎo
内,B,n,B-Disease,冂,nèi
分,M,n,I-Disease,刀,fēn
泌,E,n,I-Disease,氵,mì
性,B,n,I-Disease,忄,xìng
腺,E,n,I-Disease,月,xiàn
疾,B,n,I-Disease,疒,jí
病,E,n,I-Disease,疒,bìng
的,S,uj,O,白,dí
诊,B,v,O,讠,zhěn
断,E,v,O,斤,duàn
和,S,c,O,口,hé
治,S,v,O,氵,zhì
LB,S,x,O,UNK,UNK
疗,S,n,O,疒,liáo
以,B,c,O,人,yǐ
及,E,c,O,又,jí
相,B,v,O,目,xiāng
关,E,v,O,丷,guān
的,S,uj,O,白,dí
多,B,m,O,夕,duō
个,E,m,O,人,gè
热,B,n,O,灬,rè
点,E,n,O,灬,diǎn
和,S,c,O,口,hé
难,B,d,O,隹,nán
点,E,d,O,灬,diǎn
专,B,n,O,一,zhuān
题,E,n,O,页,tí
;,S,x,O,UNK,UNK
sep,sep,sep,sep,sep,sep
展,B,v,O,尸,zhǎn
示,E,v,O,示,shì
了,B,v,O,乙,liǎo
以,E,v,O,人,yǐ
国,B,s,O,囗,guó
内,E,s,O,冂,nèi
知,S,v,O,矢,zhī
LB,S,x,O,UNK,UNK
名,S,q,O,口,míng
专,B,n,O,一,zhuān
家,E,n,O,宀,jiā
领,B,n,O,页,lǐng
衔,E,n,O,行,xián
、,S,x,O,UNK,UNK
中,B,j,O,丨,zhōng
青,M,j,O,青,qīng
年,E,j,O,干,nián
骨,B,n,O,骨,gǔ
干,E,n,O,干,gān
为,S,p,O,丶,wéi
中,B,n,O,丨,zhōng
坚,M,n,O,土,jiān
力,M,n,O,力,lì
量,E,n,O,里,liáng
的,S,uj,O,白,dí
专,B,n,O,一,zhuān
业,E,n,O,一,yè
人,B,n,O,人,rén
才,M,n,O,扌,cái
队,M,n,O,阝,duì
伍,E,n,O,亻,wǔ
LB,S,x,O,UNK,UNK
的,S,uj,O,白,dí
蓬,B,nr,O,艹,péng
勃,E,nr,O,力,bó
活,B,n,O,氵,huó
力,E,n,O,力,lì
和,S,c,O,口,hé
坚,B,l,O,土,jiān
实,M,l,O,宀,shí
基,M,l,O,土,jī
础,E,l,O,石,chǔ
",",S,x,O,UNK,UNK
sep,sep,sep,sep,sep,sep
获,B,v,O,艹,huò
得,E,v,O,彳,dé
了,S,ul,O,乙,liǎo
与,B,v,O,一,yǔ
会,E,v,O,人,huì
人,B,n,O,人,rén
员,E,n,O,口,yuán
的,S,uj,O,白,dí
一,B,d,O,一,yī
致,E,d,O,至,zhì
好,B,v,O,女,hǎo
评,E,v,O,讠,píng
。,S,x,O,UNK,UNK
sep,sep,sep,sep,sep,sep
LB,S,x,O,UNK,UNK
与,B,l,O,一,yǔ
会,M,l,O,人,huì
代,M,l,O,亻,dài
表,E,l,O,衣,biǎo
积,B,ad,O,禾,jī
极,E,ad,O,木,jí
发,B,v,O,又,fā
言,E,v,O,言,yán
、,S,x,O,UNK,UNK
热,B,a,O,灬,rè
烈,E,a,O,灬,liè
讨,B,v,O,讠,tǎo
论,E,v,O,讠,lùn
",",S,x,O,UNK,UNK
sep,sep,sep,sep,sep,sep
显,B,v,O,日,xiǎn
示,E,v,O,示,shì
了,S,ul,O,乙,liǎo
基,B,n,O,土,jī
层,E,n,O,尸,céng
医,B,n,O,匚,yī
师,E,n,O,巾,shī
对,B,p,O,寸,duì
于,E,p,O,二,yú
性,S,n,B-Disease,忄,xìng
LB,S,x,I-Disease,UNK,UNK
腺,S,n,I-Disease,月,xiàn
疾,B,n,I-Disease,疒,jí
病,E,n,I-Disease,疒,bìng
的,S,uj,O,白,dí
热,B,a,O,灬,rè
切,E,a,O,刀,qiē
关,B,v,O,丷,guān
注,E,v,O,氵,zhù
",",S,x,O,UNK,UNK
sep,sep,sep,sep,sep,sep
通,B,p,O,辶,tōng
过,E,p,O,辶,guò
参,B,v,O,厶,cān
会,E,v,O,人,huì
提,B,v,O,扌,tí
高,E,v,O,高,gāo
了,S,ul,O,乙,liǎo
对,S,p,O,寸,duì
内,B,n,B-Disease,冂,nèi
分,M,n,I-Disease,刀,fēn
泌,E,n,I-Disease,氵,mì
性,B,n,I-Disease,忄,xìng
腺,E,n,I-Disease,月,xiàn
疾,S,n,I-Disease,疒,jí
LB,S,x,I-Disease,UNK,UNK
病,S,n,I-Disease,疒,bìng
的,S,uj,O,白,dí
诊,B,v,O,讠,zhěn
疗,E,v,O,疒,liáo
水,B,n,O,水,shuǐ
平,E,n,O,干,píng
和,S,c,O,口,hé
专,B,n,O,一,zhuān
业,M,n,O,一,yè
知,M,n,O,矢,zhī
识,E,n,O,讠,shí
学,B,v,O,子,xué
习,E,v,O,乙,xí
的,S,uj,O,白,dí
积,B,n,O,禾,jī
极,M,n,O,木,jí
性,E,n,O,忄,xìng
。,S,x,O,UNK,UNK
sep,sep,sep,sep,sep,sep
SPACE,S,x,O,UNK,UNK
本,B,r,O,木,běn
次,E,r,O,欠,cì
会,B,n,O,人,huì
议,E,n,O,讠,yì
为,S,p,O,丶,wéi
LB,S,x,O,UNK,UNK
推,B,v,O,扌,tuī
进,E,v,O,辶,jìn
今,B,t,O,人,jīn
后,E,t,O,口,hòu
国,B,s,O,囗,guó
内,E,s,O,冂,nèi
性,B,n,B-Disease,忄,xìng
腺,E,n,I-Disease,月,xiàn
内,B,n,I-Disease,冂,nèi
分,M,n,I-Disease,刀,fēn
泌,E,n,I-Disease,氵,mì
疾,B,n,I-Disease,疒,jí
病,E,n,I-Disease,疒,bìng
的,S,uj,O,白,dí
科,B,n,O,禾,kē
学,M,n,O,子,xué
研,M,n,O,石,yán
究,E,n,O,穴,jiū
和,S,c,O,口,hé
临,B,l,O,丨,lín
床,M,l,O,广,chuáng
实,M,l,O,宀,shí
践,E,l,O,足,jiàn
LB,S,x,O,UNK,UNK
工,B,vn,O,工,gōng
作,E,vn,O,亻,zuò
起,B,v,O,走,qǐ
到,E,v,O,刂,dào
了,S,ul,O,乙,liǎo
承,B,nr,O,乙,chéng
前,M,nr,O,刂,qián
启,M,nr,O,口,qǐ
后,E,nr,O,口,hòu
的,S,uj,O,白,dí
积,B,ad,O,禾,jī
极,E,ad,O,木,jí
作,B,v,O,亻,zuò
用,E,v,O,用,yòng
。,S,x,O,UNK,UNK
sep,sep,sep,sep,sep,sep
LB,S,x,O,UNK,UNK
